[
  {
    "id": "firaga",
    "type": "SPELL",
    "name": { "str": "Firaga" },
    "description": "Deals fire damage",
    "valid_targets": [ "hostile", "ground"],
    "min_damage": 500,
    "max_damage": 500,
    "damage_increment": 15,
	"field_id": "fd_fire",
	"field_chance": 5,
	"min_field_intensity": 3,
	"max_field_intensity": 3,
    "min_range": 35,
    "max_range": 35,
    "min_aoe": 6,
    "max_aoe": 6,
    "effect": "target_attack",
    "base_casting_time": 850,
    "base_energy_cost": 2500,
    "damage_type": "fire",
    "difficulty": 0,
    "max_level": 1,
    "flags": [ "VERBAL", "NO_FAIL", "LOUD" ],
    "energy_source": "MANA"
  },
  {
    "id": "thundaga",
    "type": "SPELL",
    "name": { "str": "Thundaga" },
    "description": "Deals electric damage",
    "valid_targets": [ "hostile", "ground" ],
    "min_damage": 500,
    "max_damage": 500,
    "damage_increment": 15,
	"field_id": "fd_electricity",
	"field_chance": 4,
	"min_field_intensity": 3,
	"max_field_intensity": 3,
    "min_range": 35,
    "max_range": 35,
    "min_aoe": 6,
    "max_aoe": 6,
    "effect": "target_attack",
    "base_casting_time": 850,
    "base_energy_cost": 2500,
    "damage_type": "electric",
    "difficulty": 0,
    "max_level": 1,
    "flags": [ "VERBAL", "NO_FAIL", "LOUD" ],
    "energy_source": "MANA"
  },
  {
    "id": "blizzaga",
    "type": "SPELL",
    "name": { "str": "Blizzaga" },
    "description": "Deals cold damage",
    "valid_targets": [ "hostile", "ground" ],
    "min_damage": 500,
    "max_damage": 500,
    "damage_increment": 15,
	"field_id": "fd_cold_air3",
	"field_chance": 3,
	"min_field_intensity": 3,
	"max_field_intensity": 3,
    "min_range": 35,
    "max_range": 35,
    "min_aoe": 6,
    "max_aoe": 6,
    "effect": "target_attack",
    "base_casting_time": 850,
    "base_energy_cost": 2500,
    "damage_type": "cold",
    "difficulty": 0,
    "max_level": 1,
    "flags": [ "VERBAL", "NO_FAIL", "LOUD" ],
    "energy_source": "MANA"
  },
  {
    "id": "fira",
    "type": "SPELL",
    "name": { "str": "Fira" },
    "description": "Deals fire damage",
    "valid_targets": [ "hostile", "ground" ],
    "min_damage": 333,
    "max_damage": 333,
    "damage_increment": 15,
	"field_id": "fd_fire",
	"field_chance": 5,
	"min_field_intensity": 3,
	"max_field_intensity": 3,
    "min_range": 35,
    "max_range": 35,
    "min_aoe": 6,
    "max_aoe": 6,
    "effect": "target_attack",
    "base_casting_time": 400,
    "base_energy_cost": 600,
    "damage_type": "fire",
    "difficulty": 0,
    "max_level": 1,
    "flags": [ "VERBAL", "NO_FAIL", "LOUD" ],
    "energy_source": "MANA"
  },
  {
    "id": "thundara",
    "type": "SPELL",
    "name": { "str": "Thundara" },
    "description": "Deals electric damage",
    "valid_targets": [ "hostile", "ground" ],
    "min_damage": 333,
    "max_damage": 333,
    "damage_increment": 15,
	"field_id": "fd_electricity",
	"field_chance": 4,
	"min_field_intensity": 3,
	"max_field_intensity": 3,
    "min_range": 35,
    "max_range": 35,
    "min_aoe": 6,
    "max_aoe": 6,
    "effect": "target_attack",
    "base_casting_time": 400,
    "base_energy_cost": 600,
    "damage_type": "electric",
    "difficulty": 0,
    "max_level": 1,
    "flags": [ "VERBAL", "NO_FAIL", "LOUD" ],
    "energy_source": "MANA"
  },
  {
    "id": "blizzara",
    "type": "SPELL",
    "name": { "str": "Blizzara" },
    "description": "Deals cold damage",
    "valid_targets": [ "hostile", "ground" ],
    "min_damage": 333,
    "max_damage": 333,
    "damage_increment": 15,
	"field_id": "fd_cold_air3",
	"field_chance": 3,
	"min_field_intensity": 3,
	"max_field_intensity": 3,
    "min_range": 35,
    "max_range": 35,
    "min_aoe": 6,
    "max_aoe": 6,
    "effect": "target_attack",
    "base_casting_time": 400,
    "base_energy_cost": 600,
    "damage_type": "cold",
    "difficulty": 0,
    "max_level": 1,
    "flags": [ "VERBAL", "NO_FAIL", "LOUD" ],
    "energy_source": "MANA"
  }
]
