[
  {
    "type": "ammunition_type",
    "id": "shadowthread",
    "name": "shadow thread",
    "default": "shadow_thread"
  },
  {
    "type": "ammunition_type",
    "id": "ritualblood",
    "name": "ritual blood",
    "default": "ritual_blood"
  },
  {
    "type": "AMMO",
    "id": "shadow_thread",
    "category": "other",
    "price": "0 cent",
    "price_postapoc": "25 cent",
    "name": { "str": "shadow thread" },
    "symbol": "=",
    "color": "light_red",
    "looks_like": "thread",
    "description": "Dark thread made from magical shadows.",
    "material": "flesh",
    "volume": "250 ml",
    "weight": "1 g",
    "ammo_type": "shadowthread",
    "count": 1,
    "stack_size": 200
  },
  
  {
    "id": "summon_boss_lamia",
    "type": "SPELL",
    "name": { "str": "Summon Lamia Fight" },
    "description": "Summons a Lamia to fight",
    "valid_targets": [ "ground" ],
    "min_damage": 2,
    "max_damage": 3,
    "//": "level 20 will max out your number of summons",
    "damage_increment": 1,
    "max_level": 1,
    "difficulty": 1,
    "effect": "summon",
    "effect_str": "mon_lamia",
    "energy_source": "HP",
    "base_energy_cost": 1,
    "//2": "one minute",
    "base_casting_time": 1,
    "min_range": 7,
    "max_range": 7,
    "min_aoe": 4,
    "max_aoe": 4,
    "flags": [ "PERMANENT", "HOSTILE_SUMMON", "NO_EXPLOSION_VFX" ],
    "min_duration": 999999,
    "max_duration": 999999,
    "duration_increment": 4000
  },
  
  
  {
    "type": "COMESTIBLE",
    "id": "boss_item_lamia",
    "name": { "str": "Boss Summon: Lamia" },
    "weight": "220 g",
    "color": "pink",
    "spoils_in": "365 days",
    "comestible_type": "FOOD",
    "symbol": "*",
    "quench": 0,
    "healthy": -1,
    "price_postapoc": "250 cent",
    "use_action": { "type": "cast_spell", "spell_id": "summon_boss_lamia", "no_fail": true, "level": 1, "need_wielding": false },
    "calories": 0,
    "description": "A petrified chrono-crystal with the ability to be consumed to stop time.",
    "price": "0 cent",
    "material": "flesh",
    "volume": "250 ml",
    "parasites": 0,
    "stack_size": 10,
    "fun": 0,
    "flags": [ "CARNIVORE_OK" ]
  },
  
  {
    "id": "magic_kidney",
    "type": "TOOL",
    "category": "container",
    "name": { "str": "Magic Kidney" },
    "description": "A large plastic water canteen, with a 2.5 liter capacity and carrying strap.",
    "weight": "155 g",
    "volume": "2500 ml",
    "price": "10 USD",
    "price_postapoc": "50 cent",
    "to_hit": -1,
    "bashing": 1,
    "material": "plastic",
    "symbol": ")",
    "color": "dark_gray",
    "ammo": "ritualblood",
    "max_charges": 100,
    "charges_per_use": 1,
    "use_action": [
      {
        "type": "cast_spell",
        "spell_id": "spawn_bloodgem",
        "no_fail": true,
        "level": 1,
        "need_wielding": false
      }
    ],
    "armor_data": { "covers": [ "torso" ], "coverage": 1, "encumbrance": 9, "material_thickness": 1 },
    "flags": [ "WAIST", "COMPACT", "OVERSIZE", "WATER_FRIENDLY" ]
  },
  {
    "id": "spirit_salt",
    "copy-from": "spice",
    "type": "COMESTIBLE",
    "name": { "str_sp": "spirit salt" },
    "charges": 10,
    "description": "Yuck!  You surely wouldn't want to eat this.  It's good for magical rituals, though.",
    "color": "white"
  },
  
  
  {
    "id": "soul_ash",
    "type": "AMMO",
    "category": "other",
    "name": { "str": "soul ashes" },
    "description": "Ashes gathered from burnt souls.",
    "weight": "70 g",
    "volume": "250 ml",
    "price": "0 cent",
    "price_postapoc": "0 cent",
    "material": "alien_resin",
    "symbol": ",",
    "color": "light_gray",
    "flags": [ "NO_SALVAGE" ],
    "stackable": true,
    "ammo_type": "soulash",
    "count": 1,
    "stack_size": 200
  },
  
  
  {
    "type": "GENERIC",
    "id": "engine_trigger",
    "symbol": ",",
    "color": "brown",
    "name": { "str": "rev-engine trigger" },
    "description": "A magical devil-trigger used to create a gunbreaker",
    "price": "20 USD",
    "price_postapoc": "5000 USD",
    "material": [ "rune" ],
    "flags": [ "NO_SALVAGE" ],
    "weight": "900 g",
    "volume": "250 ml",
    "category": "spare_parts",
    "to_hit": -1,
    "stackable": true
  },
  {
    "type": "GENERIC",
    "id": "aegis_trigger",
    "symbol": ",",
    "color": "brown",
    "name": { "str": "aegis-shield trigger" },
    "description": "A magical devil-trigger used to create a gunbreaker",
    "price": "20 USD",
    "price_postapoc": "5000 USD",
    "material": [ "rune" ],
    "flags": [ "NO_SALVAGE" ],
    "weight": "900 g",
    "volume": "250 ml",
    "category": "spare_parts",
    "to_hit": -1,
    "stackable": true
  },
  {
    "type": "GENERIC",
    "id": "lance_trigger",
    "symbol": ",",
    "color": "brown",
    "name": { "str": "lance-drive trigger" },
    "description": "A magical devil-trigger used to create a gunbreaker",
    "price": "20 USD",
    "price_postapoc": "5000 USD",
    "material": [ "rune" ],
    "flags": [ "NO_SALVAGE" ],
    "weight": "900 g",
    "volume": "250 ml",
    "category": "spare_parts",
    "to_hit": -1,
    "stackable": true
  },
  {
    "type": "GENERIC",
    "id": "virid_core",
    "symbol": ",",
    "color": "brown",
    "name": { "str": "viridite core" },
    "description": "A magical runecore infused with viridite crystals.",
    "price": "20 USD",
    "price_postapoc": "5000 USD",
    "material": [ "rune" ],
    "flags": [ "NO_SALVAGE" ],
    "weight": "900 g",
    "volume": "250 ml",
    "category": "spare_parts",
    "to_hit": -1,
    "stackable": true
  },
  {
    "type": "GENERIC",
    "id": "iounizer",
    "symbol": ",",
    "color": "brown",
    "name": { "str": "Iounizer Apparatus" },
    "description": "A magical contraption designed to be combined with an elemental crystal to create an Ioun Stone.",
    "price": "20 USD",
    "price_postapoc": "5000 USD",
    "material": [ "rune" ],
    "flags": [ "NO_SALVAGE" ],
    "weight": "900 g",
    "volume": "250 ml",
    "category": "spare_parts",
    "to_hit": -1,
    "stackable": true
  },
  {
    "type": "GENERIC",
    "id": "argent_core",
    "symbol": ",",
    "color": "brown",
    "name": { "str": "argentium core" },
    "description": "A magical runecore infused with argentium crystals.",
    "price": "20 USD",
    "price_postapoc": "5000 USD",
    "material": [ "rune" ],
    "flags": [ "NO_SALVAGE" ],
    "weight": "900 g",
    "volume": "250 ml",
    "category": "spare_parts",
    "to_hit": -1,
    "stackable": true
  },
  
  {
    "type": "GENERIC",
    "id": "crimson_core",
    "symbol": ",",
    "color": "brown",
    "name": { "str": "crimsonite core" },
    "description": "A magical runecore infused with crimsonite crystals.",
    "price": "20 USD",
    "price_postapoc": "5000 USD",
    "material": [ "rune" ],
    "flags": [ "NO_SALVAGE" ],
    "weight": "900 g",
    "volume": "250 ml",
    "category": "spare_parts",
    "to_hit": -1,
    "stackable": true
  },
  {
    "type": "GENERIC",
    "id": "ceruleum_core",
    "symbol": ",",
    "color": "brown",
    "name": { "str": "ceruleum core" },
    "description": "A magical runecore infused with ceruleum crystals.",
    "price": "20 USD",
    "price_postapoc": "5000 USD",
    "material": [ "rune" ],
    "flags": [ "NO_SALVAGE" ],
    "weight": "900 g",
    "volume": "250 ml",
    "category": "spare_parts",
    "to_hit": -1,
    "stackable": true
  },
  {
    "id": "casterbook2",
    "type": "GENERIC",
    "category": "spellbooks",
    "name": { "str": "Fifth Fantasy: Chronomancy" },
    "description": "This book almost seems facetious in it's detailing of the absurd history of the heroes of light and an evil tree, though within the historical texts lies valuable info on casting ancient and powerful spells.",
    "weight": "585 g",
    "volume": "250 ml",
    "price": "50 USD",
    "symbol": "?",
    "color": "light_red",
    "use_action": { "type": "learn_spell", "spells": [ "quick", "stop","hastega" ] }
  },
  {
    "id": "casterbook",
    "type": "GENERIC",
    "category": "spellbooks",
    "name": { "str": "Fifth Fantasy: Elemental Spells" },
    "description": "This book almost seems facetious in it's detailing of the absurd history of the heroes of light and an evil tree, though within the historical texts lies valuable info on casting ancient and powerful spells.",
    "weight": "585 g",
    "volume": "250 ml",
    "price": "50 USD",
    "symbol": "?",
    "color": "light_red",
    "use_action": { "type": "learn_spell", "spells": [ "firaga", "blizzaga", "thundaga", "fira", "blizzara","thundara" ] }
  },
  {
    "id": "devilbook",
    "type": "GENERIC",
    "category": "spellbooks",
    "name": { "str": "Devils, Demons, and How To Live With Them" },
    "description": "A book of divine creation that details basic knowledge regarding devils and crystal magic.",
    "weight": "585 g",
    "volume": "250 ml",
    "price": "50 USD",
    "symbol": "?",
    "color": "light_red",
    "use_action": { "type": "learn_spell", "spells": [ "enchant_sanguinarium", "cleanse_altar", "enchant_altar", "enchant_brazier", "enchant_mirror","enchant_stove" ] }
  },
  
  {
    "id": "devilhunterbook",
    "type": "GENERIC",
    "category": "spellbooks",
    "name": { "str": "Killing in Style" },
    "description": "A book of divine creation that details basic knowledge regarding devils and crystal magic.",
    "weight": "585 g",
    "volume": "250 ml",
    "price": "50 USD",
    "symbol": "?",
    "color": "light_red",
    "use_action": { "type": "learn_spell", "spells": [ "taunt", "devil_step", "chrono_haste" ] }
  },
  
  {
    "type": "GENERIC",
    "id": "spiral_stone",
    "symbol": "*",
	"copy-from": "spiral_stone", 
    "color": "light_gray",
    "name": { "str": "spiral stone" },
    "category": "artifacts",
    "description": "A rock the size of your fist.  It is covered with intricate spirals; it is impossible to tell whether they are carved, naturally formed, or some kind of fossil.",
    "price": "200 USD",
    "price_postapoc": "10 USD",
    "material": "stone",
    "weight": "500 g",
    "volume": "250 ml",
	"flags": [ "PLANTABLE_SEED" ], 
	"seed_data": { "plant_name": "spiralling growth", "fruit": "divine_fruit_spiral", "seeds": false, "grow": "14 days", "required_terrain_flag": "RUBBER" },
    "bashing": 6,
    "to_hit": -1,
    "qualities": [ [ "HAMMER", 1 ], [ "RUBBER", 2 ] ]
  },
  {
    "id": "iounbook",
    "type": "GENERIC",
    "category": "spellbooks",
    "name": { "str": "A Brief Examination of Iounization" },
    "//": "2 Magus, 1 classless spell",
    "description": "A book that explains how to create ioun stones.",
    "weight": "585 g",
    "volume": "250 ml",
    "price": "50 USD",
    "symbol": "?",
    "color": "light_red",
    "use_action": { "type": "learn_spell", "spells": [ "iounize_viridite", "iounize_argentium", "iounize_ceruleum", "iounize_crimsonite" ] }
  },
  {
    "id": "shadow_sliver",
    "type": "GENERIC",
    "category": "other",
    "name": { "str": "shadow sliver" },
    "description": "A sliver of shadow from the remains of shadow seers.",
    "weight": "70 g",
    "volume": "250 ml",
    "price": "0 cent",
    "price_postapoc": "0 cent",
    "material": "alien_resin",
    "symbol": ",",
    "color": "light_gray",
    "flags": [ "NO_SALVAGE" ],
    "stackable": true
  },
  
  {
    "id": "cleansed_soul",
    "type": "GENERIC",
    "category": "other",
    "name": { "str": "cleansed soul" },
    "description": "A decaying soul cursed with dark magic to never rest.",
    "weight": "70 g",
    "volume": "250 ml",
    "price": "0 cent",
    "price_postapoc": "0 cent",
    "material": "alien_resin",
    "symbol": ",",
    "color": "pink",
    "flags": [ "NO_SALVAGE" ],
    "stackable": true
  },
  {
    "id": "everwaning_soul",
    "type": "GENERIC",
    "category": "other",
    "name": { "str": "ever-waning soul" },
    "description": "A decaying soul cursed with dark magic to never rest.",
    "weight": "70 g",
    "volume": "250 ml",
    "price": "0 cent",
    "price_postapoc": "0 cent",
    "material": "alien_resin",
    "symbol": ",",
    "color": "pink",
    "flags": [ "NO_SALVAGE" ],
    "stackable": true
  },
  {
    "id": "abyssal_eye",
    "type": "GENERIC",
    "category": "other",
    "name": { "str": "abyssal eye" },
    "description": "The petrified eye of a shadow seer.",
    "weight": "70 g",
    "volume": "250 ml",
    "price": "0 cent",
    "price_postapoc": "0 cent",
    "material": "alien_resin",
    "symbol": ",",
    "color": "pink",
    "flags": [ "NO_SALVAGE" ],
    "stackable": true
  },
  {
    "type": "COMESTIBLE",
    "id": "saurian_tail",
    "name": { "str": "saurian tail" },
    "weight": "220 g",
    "color": "pink",
    "spoils_in": "365 days",
    "comestible_type": "FOOD",
    "symbol": "*",
    "quench": 0,
    "healthy": -1,
    "price_postapoc": "250 cent",
    "use_action": { "type": "cast_spell", "spell_id": "light_healing", "no_fail": true, "level": 1, "need_wielding": false },
    "calories": 0,
    "description": "The tail of a saurian.",
    "price": "0 cent",
    "material": "flesh",
    "volume": "250 ml",
    "parasites": 0,
    "stack_size": 10,
    "fun": 0,
    "flags": [ "CARNIVORE_OK" ]
  },
  {
    "type": "COMESTIBLE",
    "id": "chronocrystal",
    "name": { "str": "petrified chronostone" },
    "weight": "220 g",
    "color": "pink",
    "spoils_in": "365 days",
    "comestible_type": "FOOD",
    "symbol": "*",
    "quench": 0,
    "healthy": -1,
    "price_postapoc": "250 cent",
    "use_action": { "type": "cast_spell", "spell_id": "chrono_sap", "no_fail": true, "level": 1, "need_wielding": false },
    "calories": 0,
    "description": "A petrified chrono-crystal with the ability to be consumed to stop time.",
    "price": "0 cent",
    "material": "flesh",
    "volume": "250 ml",
    "parasites": 0,
    "stack_size": 10,
    "fun": 0,
    "flags": [ "CARNIVORE_OK" ]
  },
  {
    "type": "COMESTIBLE",
    "id": "petrified_eye",
    "name": { "str": "Lamia's Eye" },
    "weight": "220 g",
    "color": "pink",
    "spoils_in": "365 days",
    "comestible_type": "FOOD",
    "symbol": "*",
    "quench": 0,
    "healthy": -1,
    "price_postapoc": "250 cent",
    "description": "A fist-sized eyeball with a cross-shaped pupil.  It seems to be made of stone, but doesn't look like it was carved.",
    "use_action": { "type": "cast_spell", "spell_id": "lamia_stare", "no_fail": true, "level": 1, "need_wielding": false },
    "calories": 0,
    "price": "0 cent",
    "material": "flesh",
    "volume": "250 ml",
    "parasites": 0,
    "stack_size": 10,
    "fun": 0,
    "flags": [ "CARNIVORE_OK" ]
  },
  {
    "type": "COMESTIBLE",
    "id": "dullahead",
    "name": { "str": "Dullahan Head" },
    "weight": "220 g",
    "color": "pink",
    "spoils_in": "365 days",
    "comestible_type": "FOOD",
    "symbol": "*",
    "quench": 0,
    "healthy": -1,
    "price_postapoc": "250 cent",
    "description": "A small head from a dullahan hydra, could be used to teleport.",
    "use_action": { "type": "cast_spell", "spell_id": "cape_port", "no_fail": true, "level": 1, "need_wielding": false },
    "calories": 0,
    "price": "0 cent",
    "material": "flesh",
    "volume": "250 ml",
    "parasites": 0,
    "stack_size": 10,
    "fun": 0,
    "flags": [ "CARNIVORE_OK" ]
  },
  {
    "type": "COMESTIBLE",
    "id": "ferrystone",
    "name": { "str": "ferrystone" },
    "weight": "220 g",
    "color": "pink",
    "spoils_in": "365 days",
    "comestible_type": "FOOD",
    "symbol": "*",
    "quench": 0,
    "healthy": -1,
    "price_postapoc": "250 cent",
    "use_action": { "type": "cast_spell", "spell_id": "magic_mirror_tele", "no_fail": true, "level": 35, "need_wielding": false },
    "calories": 0,
    "description": "A stone what may spirit the user back to Gran Soren, else the location of a portcrystal, in an instant.",
    "price": "0 cent",
    "material": "flesh",
    "volume": "250 ml",
    "parasites": 0,
    "stack_size": 99,
    "fun": 0,
    "flags": [ "CARNIVORE_OK" ]
  },
  {
    "type": "COMESTIBLE",
    "id": "corrupted_soul",
    "name": { "str": "corrupted soul", "str_pl": "corrupted souls" },
    "weight": "220 g",
    "color": "pink",
    "spoils_in": "365 days",
    "comestible_type": "FOOD",
    "symbol": "*",
    "quench": 0,
    "healthy": -1,
    "price_postapoc": "250 cent",
    "use_action": { "type": "cast_spell", "spell_id": "light_healing", "no_fail": true, "level": 1, "need_wielding": false },
    "calories": 0,
    "description": "A putrid essence filled with rage and despair, was once the soul of a creature.",
    "price": "0 cent",
    "material": "flesh",
    "volume": "250 ml",
    "parasites": 0,
    "stack_size": 1,
    "fun": 0,
    "flags": [ "CARNIVORE_OK" ]
  },
  {
    "type": "COMESTIBLE",
    "id": "decaying_soul",
    "name": { "str": "decaying soul", "str_pl": "decaying souls" },
    "weight": "220 g",
    "color": "pink",
    "spoils_in": "365 days",
    "comestible_type": "FOOD",
    "symbol": "*",
    "quench": 0,
    "healthy": -1,
    "price_postapoc": "250 cent",
    "use_action": { "type": "cast_spell", "spell_id": "light_healing", "no_fail": true, "level": 1, "need_wielding": false },
    "calories": 0,
    "description": "The life of this spirit dwindles yet still it holds some power within this realm",
    "price": "0 cent",
    "material": "flesh",
    "volume": "250 ml",
    "parasites": 0,
    "stack_size": 1,
    "fun": 0,
    "flags": [ "CARNIVORE_OK" ]
  },
  {
    "id": "raw_bloodgem",
    "type": "AMMO",
    "category": "other",
    "name": { "str": "raw bloodgem" },
    "description": "A crystallized fragment of devil's blood. could be used for crafting elemental crystals.",
    "weight": "70 g",
    "volume": "250 ml",
    "price": "0 cent",
    "price_postapoc": "0 cent",
    "material": "alien_resin",
    "symbol": ",",
    "color": "light_gray",
    "flags": [ "NO_SALVAGE" ],
    "ammo_type": "bloodgem",
    "count": 1,
    "stackable": true
  },
  
  {
    "id": "worm_grease",
    "type": "GENERIC",
    "category": "other",
    "name": { "str": "worm grease" },
    "description": "Grease secreted from worm wizards.",
    "weight": "70 g",
    "volume": "250 ml",
    "price": "0 cent",
    "price_postapoc": "0 cent",
    "material": "alien_resin",
    "symbol": ",",
    "color": "light_gray",
    "flags": [ "NO_SALVAGE" ],
    "stackable": true
  },
  
  {
    "type": "GENERIC",
    "id": "broken_core",
    "symbol": "o",
    "color": "light_gray",
    "name": { "str": "broken rune core" },
    "description": "A broken rune core, perhaps could be repaired or at repurposed.",
    "price": "1 USD",
    "price_postapoc": "0 cent",
    "material": [ "dry_plant" ],
    "weight": "80 g",
    "volume": "500 ml",
    "stackable": true
  },
  {
    "type": "GENERIC",
    "id": "rune_silt",
    "symbol": "o",
    "color": "light_gray",
    "name": { "str": "rune residue" },
    "description": "A .",
    "price": "1 USD",
    "price_postapoc": "0 cent",
    "material": [ "dry_plant" ],
    "weight": "80 g",
    "volume": "500 ml",
    "stackable": true
  },
  {
    "type": "GENERIC",
    "id": "rune_core",
    "symbol": "o",
    "color": "light_gray",
    "name": { "str": "rune core" },
    "description": "A chassis made of rune meant to encase a small magical item, such as a soul or magical crystals.",
    "price": "1 USD",
    "price_postapoc": "0 cent",
    "material": [ "dry_plant" ],
    "weight": "80 g",
    "volume": "500 ml",
    "stackable": true
  },
  {
    "type": "GENERIC",
    "id": "pale_scale",
    "symbol": "o",
    "color": "light_gray",
    "name": { "str": "pale white scale" },
    "description": "A scale taken from the hide of a saurian.",
    "price": "1 USD",
    "price_postapoc": "0 cent",
    "material": [ "dry_plant" ],
    "weight": "80 g",
    "volume": "500 ml",
    "stackable": true
  },
  {
    "type": "GENERIC",
    "id": "ominous_doll",
    "symbol": "o",
    "color": "light_gray",
    "name": { "str": "ominous doll" },
    "description": "A straw puppet with mangled hands and an ominous grin.",
    "price": "1 USD",
    "price_postapoc": "0 cent",
    "material": [ "dry_plant" ],
    "weight": "80 g",
    "volume": "500 ml",
    "stackable": true
  },
  {
    "id": "toad_wart",
    "type": "GENERIC",
    "category": "other",
    "name": { "str": "toad wart" },
    "description": "Electrified wart from a toad shaman.",
    "weight": "70 g",
    "volume": "250 ml",
    "price": "0 cent",
    "price_postapoc": "0 cent",
    "material": "alien_resin",
    "symbol": ",",
    "color": "light_gray",
    "flags": [ "NO_SALVAGE" ],
    "stackable": true
  },
  {
    "id": "shock_spleen",
    "type": "GENERIC",
    "category": "other",
    "name": { "str": "shock spleen" },
    "description": "Electrified devil spleen.",
    "weight": "70 g",
    "volume": "250 ml",
    "price": "0 cent",
    "price_postapoc": "0 cent",
    "material": "alien_resin",
    "symbol": ",",
    "color": "light_gray",
    "flags": [ "NO_SALVAGE" ],
    "stackable": true
  },
  
  {
    "id": "devil_fang",
    "type": "GENERIC",
    "category": "other",
    "name": { "str": "devil fang" },
    "description": "Teeth extracted from magical demons.",
    "weight": "70 g",
    "volume": "250 ml",
    "price": "0 cent",
    "price_postapoc": "0 cent",
    "material": "bone",
    "symbol": ",",
    "color": "light_gray",
    "flags": [ "NO_SALVAGE" ],
    "stackable": true
  },
  {
    "id": "leech_ichor",
    "type": "GENERIC",
    "category": "other",
    "name": { "str": "leech ichor" },
    "description": "Liquid secreted from flying leeches.",
    "weight": "70 g",
    "volume": "250 ml",
    "price": "0 cent",
    "price_postapoc": "0 cent",
    "material": "alien_resin",
    "symbol": ",",
    "color": "light_gray",
    "flags": [ "NO_SALVAGE" ],
    "stackable": true
  },
  {
    "id": "slug_tallow",
    "type": "GENERIC",
    "category": "other",
    "name": { "str": "slug tallow" },
    "description": "Fat extracted from slug druids.",
    "weight": "70 g",
    "volume": "250 ml",
    "price": "0 cent",
    "price_postapoc": "0 cent",
    "material": "alien_resin",
    "symbol": ",",
    "color": "light_gray",
    "flags": [ "NO_SALVAGE" ],
    "stackable": true
  },
  
  {
    "type": "GENERIC",
    "id": "bone_hallowed",
    "copy-from": "bone",
    "name": { "str": "hallowed bone" },
    "description": "A bone blessed with holy magic, used in crafting recipes.",
    "flags": [ "CANNIBALISM" ]
  },
  {
    "id": "corrupted_vessel",
    "type": "GENERIC",
    "category": "other",
    "name": { "str": "corrupted soul vessel" },
    "description": "A soul vessel, defiled from ages of housing a corrupted soul.",
    "weight": "70 g",
    "volume": "250 ml",
    "price": "0 cent",
    "price_postapoc": "0 cent",
    "material": "alien_resin",
    "symbol": ",",
    "color": "light_gray",
    "flags": [ "NO_SALVAGE" ],
    "stackable": true
  },
  {
    "id": "soul_vessel",
    "type": "GENERIC",
    "category": "other",
    "name": { "str": "soul vessel" },
    "description": "A vessel meant for housing a soul and providing a link to the physical body.",
    "weight": "70 g",
    "volume": "250 ml",
    "price": "0 cent",
    "price_postapoc": "0 cent",
    "material": "alien_resin",
    "symbol": ",",
    "color": "light_gray",
    "flags": [ "NO_SALVAGE" ],
    "stackable": true
  },
  {
    "type": "GENERIC",
    "id": "nevermeltice",
    "symbol": ",",
    "color": "light_cyan",
    "name": { "str": "nevermelt ice" },
    "category": "other",
    "description": "Ice still cold to the touch and hard as a rock.",
    "material": "glass",
    "weight": "75 g",
    "volume": "250 ml",
    "cutting": 6,
    "flags": [ "TRADER_AVOID" ],
    "to_hit": -1,
    "stackable": true
  },
  {
    "type": "GENERIC",
    "id": "devil_tear",
    "symbol": ",",
    "color": "light_cyan",
    "name": { "str": "devil tear" },
    "category": "other",
    "description": "A tear from a vicious demon, though some say they are unfeeling, mindless creatures... Hurts a little to hold",
    "material": "glass",
    "weight": "75 g",
    "volume": "250 ml",
    "cutting": 6,
    "flags": [ "HURT_WHEN_WIELDED", "TRADER_AVOID" ],
    "to_hit": -1,
    "stackable": true
  },
  {
    "type": "GENERIC",
    "id": "rune_fin",
    "symbol": ",",
    "color": "light_cyan",
    "name": { "str": "rune sharkfin" },
    "category": "other",
    "description": "A fin from a shark construct, could be melted down for metal or consumed for a haste",
    "use_action": { "type": "cast_spell", "spell_id": "light_healing", "no_fail": true, "level": 1, "need_wielding": false },
    "material": "glass",
    "weight": "75 g",
    "volume": "250 ml",
    "cutting": 6,
    "flags": [ "TRADER_AVOID" ],
    "to_hit": -1,
    "stackable": true
  },
  {
    "type": "GENERIC",
    "id": "rune_heart",
    "symbol": ",",
    "color": "light_cyan",
    "name": { "str": "rune heart" },
    "category": "other",
    "description": "A heart from a runic construct, could be used for crafting or consumed for a haste",
    "use_action": { "type": "cast_spell", "spell_id": "light_healing", "no_fail": true, "level": 1, "need_wielding": false },
    "material": "glass",
    "weight": "75 g",
    "volume": "250 ml",
    "cutting": 6,
    "flags": [ "TRADER_AVOID" ],
    "to_hit": -1,
    "stackable": true
  },
  {
    "type": "AMMO",
    "id": "ritual_blood",
    "name": { "str_sp": "ritual blood" },
    "weight": "2 g",
    "color": "red",
    "container": "bag_iv",
    "symbol": "~",
    "price_postapoc": "10 cent",
    "description": "Magically preserved blood.",
    "ammo_type": "ritualblood",
    "price": "0 cent",
    "material": "hflesh",
    "volume": "250 ml",
    "phase": "liquid",
    "flags": [ "IS_BLOOD" ]
  },
  {
    "type": "GENERIC",
    "id": "runic_boneshard",
    "symbol": "*",
    "color": "white",
    "name": { "str": "runic boneshard" },
    "description": "A rune shard from the magical bones of a runic construct.",
    "price": "10 kUSD",
    "price_postapoc": "50 cent",
    "material": "argentium",
    "weight": "200 mg",
    "volume": "6 ml",
    "to_hit": -5,
    "stackable": true
  },
  {
    "type": "GENERIC",
    "id": "argentium",
    "symbol": "*",
    "color": "white",
    "name": { "str": "argentium" },
    "description": "A sparkling white piece of magically electrified bloodcrystal.",
    "price": "10 kUSD",
    "price_postapoc": "50 cent",
    "material": "argentium",
    "weight": "200 mg",
    "volume": "6 ml",
    "to_hit": -5,
    "stackable": true
  },
  {
    "type": "GENERIC",
    "id": "crimsonite",
    "symbol": "*",
    "color": "white",
    "name": { "str": "crimsonite" },
    "description": "A blood red piece of magically superheated bloodcrystal.",
    "price": "10 kUSD",
    "price_postapoc": "50 cent",
    "material": "crimsonite",
    "weight": "200 mg",
    "volume": "6 ml",
    "to_hit": -5,
    "stackable": true
  },
  {
    "type": "GENERIC",
    "id": "ceruleum",
    "symbol": "*",
    "color": "white",
    "name": { "str": "ceruleum" },
    "description": "A sleek blue piece of magically superchilled bloodcrystal.",
    "price": "10 kUSD",
    "price_postapoc": "50 cent",
    "material": "ceruleum",
    "weight": "200 mg",
    "volume": "6 ml",
    "to_hit": -5,
    "stackable": true
  },
  {
    "type": "GENERIC",
    "id": "viridite",
    "symbol": "*",
    "color": "white",
    "name": { "str": "viridite" },
    "description": "A blood red piece of magically venomous bloodcrystal.",
    "price": "10 kUSD",
    "price_postapoc": "50 cent",
    "material": "viridite",
    "weight": "200 mg",
    "volume": "6 ml",
    "to_hit": -5,
    "stackable": true
  }
]
