[
  {
    "id": "integrated_gimbal",
    "type": "GUNMOD",
    "name": { "str": "Integrated Gimbal T.A.U." },
    "description": "A Targeting Assistance Unit made to attach to the stock of a weapon, extending a robotic arm that attaches to the body allowing for an extra point of stability, more accuracy, as well as virtually removing recoil from most weapons.",
    "weight": "40 g",
    "volume": "125 ml",
    "integral_volume": "25 ml",
    "price": "60 USD",
    "price_postapoc": "5 USD",
    "material": [ "steel" ],
    "symbol": ":",
    "color": "light_gray",
    "location": "stock",
    "weight_multiplier": 0.50,
    "handling_modifier": 50,
	"sight_dispersion": 15,
	"dispersion_modifier": -50, 
    "aim_speed": 4,
    "mod_target_category": [ [ "SUBMACHINE_GUNS" ], [ "RIFLES" ], [ "MACHINE_GUNS" ], [ "GATLING_GUNS" ], [ "SHOTGUNS" ] ]
  },
  {
    "id": "gyro_grip",
    "type": "GUNMOD",
    "name": { "str": "Gyro-Grip T.A.U." },
    "description": "An omni-directional grip offering 6 degrees of movement assistance with a gyroscopic core for stability, meant to entirely replace the grip and trigger mechanism on a receiver allowing for the wielder more freedom and accuracy while maneuvering under fire.",
    "weight": "40 g",
    "volume": "125 ml",
    "integral_volume": "25 ml",
    "price": "60 USD",
    "price_postapoc": "5 USD",
    "material": [ "steel" ],
    "symbol": ":",
    "color": "light_gray",
    "location": "stock",
    "weight_multiplier": 0.50,
    "handling_modifier": 25,
	"sight_dispersion": 1,
	"dispersion_modifier": -15, 
    "aim_speed": 1,
    "mod_target_category": [ [ "SUBMACHINE_GUNS" ], [ "RIFLES" ], [ "MACHINE_GUNS" ], [ "GATLING_GUNS" ], [ "SHOTGUNS" ] ]
  },
  {
    "id": "omnirail",
    "type": "GUNMOD",
    "name": { "str": "Omni-Rail" },
    "description": "A special rail attachment with 3 faces surrounding the entire barrel of the weapon, allowing extra space for mods.",
    "weight": "40 g",
    "volume": "125 ml",
    "integral_volume": "25 ml",
    "price": "60 USD",
    "price_postapoc": "5 USD",
    "material": [ "steel" ],
    "symbol": ":",
    "color": "light_gray",
    "location": "rail",
    "mod_target_category": [ [ "SUBMACHINE_GUNS" ], [ "RIFLES" ], [ "MACHINE_GUNS" ], [ "GATLING_GUNS" ], [ "SHOTGUNS" ] ],
    "add_mod": [ [ "sights", 1 ],[ "rail", 1 ],[ "underbarrel", 1 ],[ "grip", 1 ]   ]
  },
  {
    "id": "omnirail2",
    "type": "GUNMOD",
    "name": { "str": "Omni-Rail 2.0" },
    "description": "A magical variant of the original omni-rail, enchanted with the ability to reduce the weight of your weapon by half.",
    "weight": "40 g",
    "volume": "125 ml",
    "integral_volume": "25 ml",
    "price": "60 USD",
    "price_postapoc": "5 USD",
    "material": [ "steel" ],
    "symbol": ":",
    "color": "light_gray",
    "location": "rail",
    "weight_multiplier": 0.50,
    "mod_target_category": [ [ "SUBMACHINE_GUNS" ], [ "RIFLES" ], [ "MACHINE_GUNS" ], [ "GATLING_GUNS" ], [ "SHOTGUNS" ] ],
    "add_mod": [ [ "sights", 1 ],[ "rail", 1 ],[ "underbarrel", 1 ],[ "grip", 1 ]   ]
  },
  {
    "id": "devil_trigger_fire",
    "type": "GUNMOD",
    "name": { "str": "devil trigger firing mechanism (crimsonite)" },
    "description": "Custom designed and built tools from a legendary gunsmith, a female devil hunter who's mother was known as 'The .45 caliber Virtuos'. This firing mechanism will turn any gun into a devil-killing machine.",
    "weight": "255 g",
    "volume": "290 ml",
    "price": 100000,
    "install_time": "1 s",
    "material": [ "plastic", "steel" ],
    "symbol": ":",
    "color": "dark_gray",
    "location": "mechanism",
	"ammo_effects": [ "WIDE" ],
	"damage_modifier": { "damage_type": "heat", "amount": 20 },
    "flags": ["IRREMOVABLE" ]
  },
  {
    "id": "devil_trigger_elec",
    "type": "GUNMOD",
    "name": { "str": "devil trigger firing mechanism (argentium)" },
    "description": "Custom designed and built tools from a legendary gunsmith, a female devil hunter who's mother was known as 'The .45 caliber Virtuos'. This firing mechanism will turn any gun into a devil-killing machine.",
    "weight": "255 g",
    "volume": "290 ml",
    "price": 100000,
    "install_time": "1 s",
    "material": [ "plastic", "steel" ],
    "symbol": ":",
    "color": "dark_gray",
    "location": "mechanism",
	"ammo_effects": [ "WIDE" ],
    "aim_speed": 15,
    "sight_dispersion": 3,
	"reload_modifier": -75,
    "handling_modifier": 16,
	"damage_modifier": { "damage_type": "electric", "amount": 10 },
    "flags": ["IRREMOVABLE" ]
  },
  {
    "id": "devil_trigger_ice",
    "type": "GUNMOD",
    "name": { "str": "devil trigger firing mechanism (ceruleum)" },
    "description": "Custom designed and built tools from a legendary gunsmith, a female devil hunter who's mother was known as 'The .45 caliber Virtuos'. This firing mechanism will turn any gun into a devil-killing machine.",
    "weight": "255 g",
    "volume": "290 ml",
    "price": 100000,
    "install_time": "1 s",
    "material": [ "plastic", "steel" ],
    "symbol": ":",
    "color": "dark_gray",
    "location": "mechanism",
	"ammo_effects": [ "WIDE" ],
    "sight_dispersion": 9,
    "aim_speed": 3 ,
    "range_modifier": 15,
    "dispersion_modifier": -19,
	"damage_modifier": { "damage_type": "cold", "amount": 10 },
    "flags": ["IRREMOVABLE" ]
  },
  {
    "id": "devil_trigger_acid",
    "type": "GUNMOD",
    "name": { "str": "devil trigger firing mechanism (viridite)" },
    "description": "Custom designed and built tools from a legendary gunsmith, a female devil hunter who's mother was known as 'The .45 caliber Virtuos'. This firing mechanism will turn any gun into a devil-killing machine.",
    "weight": "255 g",
    "volume": "290 ml",
    "price": 100000,
    "install_time": "1 s",
    "material": [ "plastic", "steel" ],
    "symbol": ":",
    "color": "dark_gray",
    "location": "mechanism",
	"ammo_effects": [ "WIDE" ],
    "sight_dispersion": 3,
    "range_modifier": 5,
    "aim_speed": 15,
    "dispersion_modifier": -19,
    "handling_modifier": 6,
	"damage_modifier": { "damage_type": "acid", "amount": 10 },
    "flags": ["IRREMOVABLE" ]
  }
]
