[
  {
    "type": "monstergroup",
    "name": "GROUP_ZOMBIE",
    "monsters": [
      { "monster": "mon_slug_druid", "freq": 15, "cost_multiplier": 0 },
      { "monster": "mon_toad_shaman", "freq": 15, "cost_multiplier": 0 },
      { "monster": "mon_saurian", "freq": 33, "cost_multiplier": 0 , "pack_size": [ 2, 6 ]},
      { "monster": "mon_shadow_seer", "freq": 22, "cost_multiplier": 0 },
      { "monster": "mon_leech_warlock", "freq": 22, "cost_multiplier": 0 },
      { "monster": "mon_worm_wizard", "freq": 22, "cost_multiplier": 0 },
      { "monster": "mon_penguin_sorcerer", "freq": 35, "cost_multiplier": 0 },
      { "monster": "mon_shadow_seer", "freq": 22, "cost_multiplier": 0 },
      { "monster": "mon_leech_warlock", "freq": 22, "cost_multiplier": 0 },
      { "monster": "mon_worm_wizard", "freq": 22, "cost_multiplier": 0 , "pack_size": [ 1, 3 ] },
      { "monster": "mon_penguin_sorcerer", "freq": 35, "cost_multiplier": 0 , "pack_size": [ 1, 3 ] },
      { "monster": "mon_saurian", "freq": 33, "cost_multiplier": 0 , "pack_size": [ 2, 6 ]},
      { "monster": "mon_saurian", "freq": 23, "cost_multiplier": 0 , "pack_size": [ 8, 16 ]},
      { "monster": "mon_marionette_stringed", "freq": 33, "cost_multiplier": 0, "pack_size": [ 1, 4 ] },
      { "monster": "mon_marionette_stringed", "freq": 23, "cost_multiplier": 0 , "pack_size": [ 6, 10 ]},
      { "monster": "mon_bolide_runeshark", "freq": 166, "cost_multiplier": 0, "pack_size": [ 4, 12 ] },
      { "monster": "mon_voidwing_runewhelp", "freq": 166, "cost_multiplier": 0, "pack_size": [ 3, 10 ]  },
      { "monster": "mon_shockwing_runewhelp", "freq": 166, "cost_multiplier": 0, "pack_size": [ 3, 10 ]  },
      { "monster": "mon_bloodwing_runewhelp", "freq": 166, "cost_multiplier": 0, "pack_size": [ 3, 10 ]  },
      { "monster": "mon_vilewing_runewhelp", "freq": 166, "cost_multiplier": 0, "pack_size": [ 3, 10 ]  },
      { "monster": "mon_crystalpod", "freq": 22, "cost_multiplier": 0, "pack_size": [ 1, 5 ]  },
      { "monster": "mon_bloodclot", "freq": 22, "cost_multiplier": 0, "pack_size": [ 1, 5 ]  },
      { "monster": "mon_crystalpod", "freq": 22, "cost_multiplier": 0 },
      { "monster": "mon_bloodclot", "freq": 22, "cost_multiplier": 0 },
      { "monster": "mon_chimera", "freq": 33, "cost_multiplier": 22, "starts": 48 },
      { "monster": "mon_lamia", "freq": 31, "cost_multiplier": 22, "starts": 48 },
      { "monster": "mon_thunderbird", "freq": 33, "cost_multiplier": 22, "starts": 96 },
      { "monster": "mon_kyriakos", "freq": 33, "cost_multiplier": 22, "starts": 180 },
      { "monster": "mon_sword", "freq": 33, "cost_multiplier": 22, "starts": 24 },
      { "monster": "mon_lichking", "freq": 33, "cost_multiplier": 10, "starts": 180 },
      { "monster": "mon_lichpriest", "freq": 31, "cost_multiplier": 10, "starts": 180 },
      { "monster": "mon_lichknight", "freq": 31, "cost_multiplier": 10, "starts": 180 },
      { "monster": "mon_dullahan", "freq": 31, "cost_multiplier": 10, "starts": 180 },
      { "monster": "mon_monk_avatar", "freq": 31, "cost_multiplier": 10, "starts": 24 },
      { "monster": "mon_monk_doomsayer", "freq": 31, "cost_multiplier": 10, "starts": 24 },
      { "monster": "mon_grigori", "freq": 31, "cost_multiplier": 10, "starts": 180 },
      { "monster": "mon_ghidra", "freq": 31, "cost_multiplier": 10, "starts": 180 },
      { "monster": "mon_dracolich", "freq": 31, "cost_multiplier": 10, "starts": 180 },
      { "monster": "mon_bahamut", "freq": 31, "cost_multiplier": 10, "starts": 180 },
      { "monster": "mon_headstone", "freq": 30, "cost_multiplier": 1, "starts": 24 },
      { "monster": "mon_collector", "freq": 30, "cost_multiplier": 1, "starts": 24 },
      { "monster": "mon_ninja", "freq": 30, "cost_multiplier": 1, "starts": 48, "pack_size": [ 2, 9 ]  },
      { "monster": "mon_ninja", "freq": 30, "cost_multiplier": 35, "starts": 96, "pack_size": [ 5, 15 ]  },
      { "monster": "mon_monk_disciple", "freq": 30, "cost_multiplier": 1, "starts": 24, "pack_size": [ 2, 5 ]  },
      { "monster": "mon_monk_disciple", "freq": 30, "cost_multiplier": 35, "starts": 96, "pack_size": [ 3, 12 ]  },
      { "monster": "mon_shadow_snake", "freq": 33, "cost_multiplier": 1, "pack_size": [ 4, 12 ]  }
    ]
  },
  
  {
    "type": "monstergroup",
    "name": "GROUP_TOWER_RUNE",
    "default": "mon_plasticgolem",
    "//": "Cheap golems used to defend the average wizard's tower.",
    "monsters": [
      { "monster": "mon_crystalpod", "freq": 5, "cost_multiplier": 1, "pack_size": [ 1, 5 ]  },
      { "monster": "mon_bloodclot", "freq": 5, "cost_multiplier": 1, "pack_size": [ 1, 5 ]  },
      { "monster": "mon_crystalpod", "freq": 3, "cost_multiplier": 1 },
      { "monster": "mon_bloodclot", "freq": 3, "cost_multiplier": 1 },
      { "monster": "mon_bolide_runeshark", "freq": 22, "cost_multiplier": 1, "pack_size": [ 4, 12 ] },
      { "monster": "mon_voidwing_runewhelp", "freq": 22, "cost_multiplier": 1, "pack_size": [ 3, 10 ]  },
      { "monster": "mon_shockwing_runewhelp", "freq": 22, "cost_multiplier": 1, "pack_size": [ 3, 10 ]  },
      { "monster": "mon_bloodwing_runewhelp", "freq": 22, "cost_multiplier": 1, "pack_size": [ 3, 10 ]  },
      { "monster": "mon_vilewing_runewhelp", "freq": 22, "cost_multiplier": 1, "pack_size": [ 3, 10 ]  },
      { "monster": "mon_slug_druid", "freq": 3, "cost_multiplier": 1 },
      { "monster": "mon_toad_shaman", "freq": 3, "cost_multiplier": 1 },
      { "monster": "mon_shadow_seer", "freq": 3, "cost_multiplier": 1 },
      { "monster": "mon_leech_warlock", "freq": 3, "cost_multiplier": 1 },
      { "monster": "mon_worm_wizard", "freq": 3, "cost_multiplier": 1 },
      { "monster": "mon_penguin_sorcerer", "freq": 3, "cost_multiplier": 1 },
      { "monster": "mon_headstone", "freq": 1, "cost_multiplier": 1, "starts": 24 },
      { "monster": "mon_lichking", "freq": 1, "cost_multiplier": 10, "starts": 200 },
      { "monster": "mon_lichpriest", "freq": 1, "cost_multiplier": 10, "starts": 200 },
      { "monster": "mon_lichknight", "freq": 1, "cost_multiplier": 10, "starts": 200 },
      { "monster": "mon_dullahan", "freq": 1, "cost_multiplier": 10, "starts": 200 }
    ]
  },
  
  {
    "type": "monstergroup",
    "name": "GROUP_TOWER_CASTER",
    "default": "mon_plasticgolem",
    "//": "Cheap golems used to defend the average wizard's tower.",
    "monsters": [
      { "monster": "mon_crystalpod", "freq": 6, "cost_multiplier": 1, "pack_size": [ 1, 5 ]  },
      { "monster": "mon_bloodclot", "freq": 6, "cost_multiplier": 1, "pack_size": [ 1, 5 ]  },
      { "monster": "mon_crystalpod", "freq": 4, "cost_multiplier": 1 },
      { "monster": "mon_bloodclot", "freq": 4, "cost_multiplier": 1 },
      { "monster": "mon_slug_druid", "freq": 22, "cost_multiplier": 1 },
      { "monster": "mon_toad_shaman", "freq": 22, "cost_multiplier": 1 },
      { "monster": "mon_shadow_seer", "freq": 22, "cost_multiplier": 1 },
      { "monster": "mon_leech_warlock", "freq": 22, "cost_multiplier": 1 },
      { "monster": "mon_worm_wizard", "freq": 22, "cost_multiplier": 1 },
      { "monster": "mon_penguin_sorcerer", "freq": 22, "cost_multiplier": 1 },
      { "monster": "mon_bolide_runeshark", "freq": 1, "cost_multiplier": 1, "pack_size": [ 4, 12 ] },
      { "monster": "mon_voidwing_runewhelp", "freq": 1, "cost_multiplier": 1, "pack_size": [ 3, 10 ]  },
      { "monster": "mon_shockwing_runewhelp", "freq": 1, "cost_multiplier": 1, "pack_size": [ 3, 10 ]  },
      { "monster": "mon_bloodwing_runewhelp", "freq": 1, "cost_multiplier": 1, "pack_size": [ 3, 10 ]  },
      { "monster": "mon_vilewing_runewhelp", "freq": 1, "cost_multiplier": 1, "pack_size": [ 3, 10 ]  },
      { "monster": "mon_headstone", "freq": 22, "cost_multiplier": 1, "starts": 24 },
      { "monster": "mon_lichking", "freq": 11, "cost_multiplier": 10, "starts": 200 },
      { "monster": "mon_lichpriest", "freq": 11, "cost_multiplier": 10, "starts": 200 },
      { "monster": "mon_lichknight", "freq": 11, "cost_multiplier": 10, "starts": 200 },
      { "monster": "mon_dullahan", "freq": 11, "cost_multiplier": 10, "starts": 200 }
    ]
  }
]
