[
  {
    "type": "recipe_category",
    "id": "CC_TWOHAND_PATH",
    "recipe_subcategories": [
      "CSC_ALL",
      "CSC_TWOHAND_PATH_CRYSTALS",
      "CSC_TWOHAND_PATH_SOUL",
      "CSC_TWOHAND_PATH_RUNE",
      "CSC_TWOHAND_PATH_WEAPONS",
      "CSC_TWOHAND_PATH_DIVINITY_STATUE",
      "CSC_TWOHAND_PATH_DORAN'S_SHOP"
    ]
  },
  {
    "type": "recipe",
    "result": "crystal_kunai",
    "category": "CC_TWOHAND_PATH",
    "subcategory": "CSC_TWOHAND_PATH_CRYSTALS",
    "byproducts": [ [ "crimson_kunai", 3 ] ],
    "skill_used": "spellcraft",
	"skills_required": [["spellcraft", 3]],
	"id_suffix": "22",
    "time": "1 m",
    "autolearn": true,
    "qualities": [ { "id": "TRANSMUTATION", "level": 1 }],
    "components": [ [ [ "raw_bloodgem", 2 ] ]]
  },
  {
    "type": "recipe",
    "result": "crimson_kunai",
    "category": "CC_TWOHAND_PATH",
    "subcategory": "CSC_TWOHAND_PATH_CRYSTALS",
    "byproducts": [ [ "crimson_kunai", 4 ] ],
    "skill_used": "spellcraft",
	"skills_required": [["spellcraft", 3]],
	"id_suffix": "22",
    "time": "1 m",
    "autolearn": true,
    "qualities": [ { "id": "TRANSMUTATION", "level": 1 }],
    "components": [ [ [ "crimsonite", 1 ] ], [ [ "raw_bloodgem", 1 ] ]]
  },
  {
    "type": "recipe",
    "result": "virid_kunai",
    "category": "CC_TWOHAND_PATH",
    "subcategory": "CSC_TWOHAND_PATH_CRYSTALS",
    "byproducts": [ [ "virid_kunai", 4 ] ],
    "skill_used": "spellcraft",
	"skills_required": [["spellcraft", 3]],
	"id_suffix": "22",
    "time": "1 m",
    "autolearn": true,
    "qualities": [ { "id": "TRANSMUTATION", "level": 1 }],
    "components": [ [ [ "viridite", 1 ] ], [ [ "raw_bloodgem", 1 ] ]]
  },
  {
    "type": "recipe",
    "result": "ceruleum_kunai",
    "category": "CC_TWOHAND_PATH",
    "subcategory": "CSC_TWOHAND_PATH_CRYSTALS",
    "byproducts": [ [ "ceruleum_kunai", 4 ] ],
    "skill_used": "spellcraft",
	"skills_required": [["spellcraft", 3]],
	"id_suffix": "22",
    "time": "1 m",
    "autolearn": true,
    "qualities": [ { "id": "TRANSMUTATION", "level": 1 }],
    "components": [ [ [ "ceruleum", 1 ] ], [ [ "raw_bloodgem", 1 ] ]]
  },
  {
    "type": "recipe",
    "result": "argent_kunai",
    "category": "CC_TWOHAND_PATH",
    "subcategory": "CSC_TWOHAND_PATH_CRYSTALS",
    "byproducts": [ [ "argent_kunai", 4 ] ],
    "skill_used": "spellcraft",
	"skills_required": [["spellcraft", 3]],
	"id_suffix": "22",
    "time": "1 m",
    "autolearn": true,
    "qualities": [ { "id": "TRANSMUTATION", "level": 1 }],
    "components": [ [ [ "argentium", 1 ] ], [ [ "raw_bloodgem", 1 ] ]]
  },
  {
    "type": "recipe",
    "result": "tri_scabbard",
    "category": "CC_TWOHAND_PATH",
    "subcategory": "CSC_TWOHAND_PATH_DIVINITY_STATUE",
    "skill_used": "spellcraft",
	"skills_required": [["spellcraft", 3]],
	"id_suffix": "22",
    "time": "1 m",
    "autolearn": true,
    "qualities": [ { "id": "TRANSMUTATION", "level": 1 }],
    "components": [ [ [ "raw_bloodgem", 9 ] ] ]
  },
  {
    "type": "recipe",
    "result": "quick_scabbard",
    "category": "CC_TWOHAND_PATH",
    "subcategory": "CSC_TWOHAND_PATH_DIVINITY_STATUE",
    "skill_used": "spellcraft",
	"skills_required": [["spellcraft", 3]],
	"id_suffix": "22",
    "time": "1 m",
    "autolearn": true,
    "qualities": [ { "id": "TRANSMUTATION", "level": 1 }],
    "components": [ [ [ "raw_bloodgem", 5 ] ] ]
  },
  {
    "type": "recipe",
    "result": "devilstraps",
    "category": "CC_TWOHAND_PATH",
    "subcategory": "CSC_TWOHAND_PATH_DIVINITY_STATUE",
    "skill_used": "spellcraft",
	"skills_required": [["spellcraft", 3]],
	"id_suffix": "22",
    "time": "1 m",
    "autolearn": true,
    "qualities": [ { "id": "TRANSMUTATION", "level": 1 }],
    "components": [ [ [ "raw_bloodgem", 10 ] ] ]
  },
  {
    "type": "recipe",
    "result": "stasis_holster",
    "category": "CC_TWOHAND_PATH",
    "subcategory": "CSC_TWOHAND_PATH_DIVINITY_STATUE",
    "skill_used": "spellcraft",
	"skills_required": [["spellcraft", 3]],
	"id_suffix": "22",
    "time": "1 m",
    "autolearn": true,
    "qualities": [ { "id": "TRANSMUTATION", "level": 1 }],
    "components": [ [ [ "raw_bloodgem", 5 ] ] ]
  },
  {
    "type": "recipe",
    "result": "stasis_holster_leg",
    "category": "CC_TWOHAND_PATH",
    "subcategory": "CSC_TWOHAND_PATH_DIVINITY_STATUE",
    "skill_used": "spellcraft",
	"skills_required": [["spellcraft", 3]],
	"id_suffix": "22",
    "time": "1 m",
    "autolearn": true,
    "qualities": [ { "id": "TRANSMUTATION", "level": 1 }],
    "components": [ [ [ "raw_bloodgem", 5 ] ] ]
  },
  {
    "type": "recipe",
    "result": "holy_grenade",
    "category": "CC_TWOHAND_PATH",
    "subcategory": "CSC_TWOHAND_PATH_DIVINITY_STATUE",
    "skill_used": "spellcraft",
	"skills_required": [["spellcraft", 3]],
	"id_suffix": "22",
    "time": "1 m",
    "autolearn": true,
    "qualities": [ { "id": "TRANSMUTATION", "level": 1 }],
    "components": [ [ [ "raw_bloodgem", 25 ] ] ]
  },
  {
    "type": "recipe",
    "result": "ragtime_breaker",
    "category": "CC_TWOHAND_PATH",
    "subcategory": "CSC_TWOHAND_PATH_DIVINITY_STATUE",
    "skill_used": "spellcraft",
	"skills_required": [["spellcraft", 3]],
    "time": "1 m",
    "autolearn": true,
    "qualities": [ { "id": "TRANSMUTATION", "level": 1 }],
    "components": [ [ [ "raw_bloodgem", 66 ] ] ]
  },
  {
    "type": "recipe",
    "result": "gerbera_breaker",
    "category": "CC_TWOHAND_PATH",
    "subcategory": "CSC_TWOHAND_PATH_DIVINITY_STATUE",
    "skill_used": "spellcraft",
	"skills_required": [["spellcraft", 3]],
    "time": "1 m",
    "autolearn": true,
    "qualities": [ { "id": "TRANSMUTATION", "level": 1 }],
    "components": [ [ [ "raw_bloodgem", 66 ] ] ]
  },
  {
    "type": "recipe",
    "result": "overture_breaker",
    "category": "CC_TWOHAND_PATH",
    "subcategory": "CSC_TWOHAND_PATH_DIVINITY_STATUE",
    "skill_used": "spellcraft",
	"skills_required": [["spellcraft", 3]],
    "time": "1 m",
    "autolearn": true,
    "qualities": [ { "id": "TRANSMUTATION", "level": 1 }],
    "components": [ [ [ "raw_bloodgem", 66 ] ] ]
  },
  {
    "type": "recipe",
    "result": "muramana",
    "category": "CC_TWOHAND_PATH",
    "subcategory": "CSC_TWOHAND_PATH_DORAN'S_SHOP",
    "skill_used": "spellcraft",
	"skills_required": [["spellcraft", 3]],
    "time": "1 m",
    "autolearn": true,
    "qualities": [ { "id": "TRANSMUTATION", "level": 1 }],
    "components": [ [ [ "gold_small", 50 ] ] ]
  },
  {
    "type": "recipe",
    "result": "rabadons",
    "category": "CC_TWOHAND_PATH",
    "subcategory": "CSC_TWOHAND_PATH_DORAN'S_SHOP",
    "skill_used": "spellcraft",
	"skills_required": [["spellcraft", 3]],
    "time": "1 m",
    "autolearn": true,
    "qualities": [ { "id": "TRANSMUTATION", "level": 1 }],
    "components": [ [ [ "gold_small", 50 ] ] ]
  },
  {
    "type": "recipe",
    "result": "fimbulwinter",
    "category": "CC_TWOHAND_PATH",
    "subcategory": "CSC_TWOHAND_PATH_DORAN'S_SHOP",
    "skill_used": "spellcraft",
	"skills_required": [["spellcraft", 3]],
    "time": "1 m",
    "autolearn": true,
    "qualities": [ { "id": "TRANSMUTATION", "level": 1 }],
    "components": [ [ [ "gold_small", 50 ] ] ]
  },
  {
    "type": "recipe",
    "result": "bloodthirster",
    "category": "CC_TWOHAND_PATH",
    "subcategory": "CSC_TWOHAND_PATH_DORAN'S_SHOP",
    "skill_used": "spellcraft",
	"skills_required": [["spellcraft", 3]],
    "time": "1 m",
    "autolearn": true,
    "qualities": [ { "id": "TRANSMUTATION", "level": 1 }],
    "components": [ [ [ "gold_small", 50 ] ] ]
  },
  
  {
    "type": "recipe",
    "result": "trinity_force",
    "category": "CC_TWOHAND_PATH",
    "subcategory": "CSC_TWOHAND_PATH_DORAN'S_SHOP",
    "skill_used": "spellcraft",
	"skills_required": [["spellcraft", 3]],
    "time": "1 m",
    "autolearn": true,
    "qualities": [ { "id": "TRANSMUTATION", "level": 1 }],
    "components": [ [ [ "gold_small", 50 ] ] ]
  },
  
  
  {
    "type": "recipe",
    "result": "ghostblade",
    "category": "CC_TWOHAND_PATH",
    "subcategory": "CSC_TWOHAND_PATH_DORAN'S_SHOP",
    "skill_used": "spellcraft",
	"skills_required": [["spellcraft", 3]],
    "time": "1 m",
    "autolearn": true,
    "qualities": [ { "id": "TRANSMUTATION", "level": 1 }],
    "components": [ [ [ "gold_small", 50 ] ] ]
  },
  
  
  {
    "type": "recipe",
    "result": "deaths_dance",
    "category": "CC_TWOHAND_PATH",
    "subcategory": "CSC_TWOHAND_PATH_DORAN'S_SHOP",
    "skill_used": "spellcraft",
	"skills_required": [["spellcraft", 3]],
    "time": "1 m",
    "autolearn": true,
    "qualities": [ { "id": "TRANSMUTATION", "level": 1 }],
    "components": [ [ [ "gold_small", 50 ] ] ]
  },
  
  {
    "type": "recipe",
    "result": "sage_surplice",
    "category": "CC_TWOHAND_PATH",
    "subcategory": "CSC_TWOHAND_PATH_DORAN'S_SHOP",
    "skill_used": "spellcraft",
	"skills_required": [["spellcraft", 3]],
    "time": "1 m",
    "autolearn": true,
    "qualities": [ { "id": "TRANSMUTATION", "level": 1 }],
    "components": [ [ [ "gold_small", 18 ] ] ]
  },
  
  {
    "type": "recipe",
    "result": "randuins_omen",
    "category": "CC_TWOHAND_PATH",
    "subcategory": "CSC_TWOHAND_PATH_DORAN'S_SHOP",
    "skill_used": "spellcraft",
	"skills_required": [["spellcraft", 3]],
    "time": "1 m",
    "autolearn": true,
    "qualities": [ { "id": "TRANSMUTATION", "level": 1 }],
    "components": [ [ [ "gold_small", 50 ] ] ]
  },
  {
    "type": "recipe",
    "result": "iceborn_gauntlet",
    "category": "CC_TWOHAND_PATH",
    "subcategory": "CSC_TWOHAND_PATH_DORAN'S_SHOP",
    "skill_used": "spellcraft",
	"skills_required": [["spellcraft", 3]],
    "time": "1 m",
    "autolearn": true,
    "qualities": [ { "id": "TRANSMUTATION", "level": 1 }],
    "components": [ [ [ "gold_small", 50 ] ] ]
  },
  {
    "type": "recipe",
    "result": "seraphs_embrace",
    "category": "CC_TWOHAND_PATH",
    "subcategory": "CSC_TWOHAND_PATH_DORAN'S_SHOP",
    "skill_used": "spellcraft",
	"skills_required": [["spellcraft", 3]],
    "time": "1 m",
    "autolearn": true,
    "qualities": [ { "id": "TRANSMUTATION", "level": 1 }],
    "components": [ [ [ "gold_small", 50 ] ] ]
  },
  {
    "type": "recipe",
    "result": "portcrystal",
    "category": "CC_TWOHAND_PATH",
    "subcategory": "CSC_TWOHAND_PATH_CRYSTALS",
    "skill_used": "spellcraft",
	"skills_required": [["spellcraft", 9]],
    "time": "60 m",
    "autolearn": true,
    "qualities": [ { "id": "TRANSMUTATION", "level": 1 }],
    "components": [ [ [ "raw_bloodgem", 20 ] ], [ [ "spirit_salt", 10 ] ], [ [ "ferrystone", 1 ] ] ]
  },
  {
    "type": "recipe",
    "result": "ferrystone",
    "category": "CC_TWOHAND_PATH",
    "subcategory": "CSC_TWOHAND_PATH_CRYSTALS",
    "skill_used": "spellcraft",
	"skills_required": [["spellcraft", 5]],
    "time": "1 m",
    "autolearn": true,
    "qualities": [ { "id": "TRANSMUTATION", "level": 1 }],
    "components": [ [ [ "raw_bloodgem", 6 ] ], [ [ "spirit_salt", 3 ] ]]
  },
  {
    "type": "recipe",
    "result": "vibrant_halo",
    "category": "CC_TWOHAND_PATH",
    "subcategory": "CSC_ALL",
    "skill_used": "spellcraft",
	"skills_required": [["spellcraft", 9]],
    "time": "30 m",
    "autolearn": true,
    "qualities": [ { "id": "SOUL_FORGE", "level": 1 }],
    "components": [ [ [ "ioun_crimson", 1 ] ], [ [ "ioun_ceruleum", 1 ] ], [ [ "ioun_argent", 1 ] ], [ [ "ioun_virid", 1 ] ]]
  },
  {
    "type": "recipe",
    "result": "beskar",
    "category": "CC_TWOHAND_PATH",
    "subcategory": "CSC_TWOHAND_PATH_RUNE",
    "skill_used": "spellcraft",
	"skills_required": [["spellcraft", 9]],
    "time": "30 m",
    "autolearn": true,
    "qualities": [ { "id": "TRANSMUTATION", "level": 1 }],
    "components": [ [ [ "steel_lump", 1 ] ], [ [ "runeingot", 1 ] ]]
  },
  {
    "type": "recipe",
    "result": "rune_core",
    "category": "CC_TWOHAND_PATH",
    "subcategory": "CSC_TWOHAND_PATH_RUNE",
    "skill_used": "spellcraft",
	"skills_required": [["spellcraft", 5]],
    "time": "30 m",
    "autolearn": true,
    "qualities": [ { "id": "TRANSMUTATION", "level": 1 }],
    "components": [ [ [ "spiral_stone", 1 ] ], [ [ "rune_heart", 1 ] ]]
  },
  {
    "type": "recipe",
    "result": "argent_core",
    "category": "CC_TWOHAND_PATH",
    "subcategory": "CSC_ALL",
    "skill_used": "spellcraft",
	"skills_required": [["spellcraft", 5]],
    "time": "30 m",
    "autolearn": true,
    "qualities": [ { "id": "TRANSMUTATION", "level": 1 }],
    "components": [ [ [ "argentium", 1 ] ], [ [ "rune_core", 1 ] ]]
  },
  {
    "type": "recipe",
    "result": "crimson_core",
    "category": "CC_TWOHAND_PATH",
    "subcategory": "CSC_ALL",
    "skill_used": "spellcraft",
	"skills_required": [["spellcraft", 5]],
    "time": "30 m",
    "autolearn": true,
    "qualities": [ { "id": "TRANSMUTATION", "level": 1 }],
    "components": [ [ [ "crimsonite", 1 ] ], [ [ "rune_core", 1 ] ]]
  },
  {
    "type": "recipe",
    "result": "ceruleum_core",
    "category": "CC_TWOHAND_PATH",
    "subcategory": "CSC_ALL",
    "skill_used": "spellcraft",
	"skills_required": [["spellcraft", 5]],
    "time": "30 m",
    "autolearn": true,
    "qualities": [ { "id": "TRANSMUTATION", "level": 1 }],
    "components": [ [ [ "ceruleum", 1 ] ], [ [ "rune_core", 1 ] ]]
  },
  {
    "type": "recipe",
    "result": "virid_core",
    "category": "CC_TWOHAND_PATH",
    "subcategory": "CSC_ALL",
    "skill_used": "spellcraft",
	"skills_required": [["spellcraft", 5]],
    "time": "30 m",
    "autolearn": true,
    "qualities": [ { "id": "TRANSMUTATION", "level": 1 }],
    "components": [ [ [ "viridite", 1 ] ], [ [ "rune_core", 1 ] ]]
  },
  {
    "type": "recipe",
    "result": "holy_grenade",
    "category": "CC_TWOHAND_PATH",
    "subcategory": "CSC_ALL",
    "skill_used": "spellcraft",
	"skills_required": [["spellcraft", 5]],
    "time": "10 m",
    "autolearn": true,
    "qualities": [ { "id": "SOULCRAFT", "level": 1 }],
    "components": [ [ [ "grenade", 1 ] ], [ [ "holy_symbol", 1 ] ]]
  },
  {
    "type": "recipe",
    "result": "philo_stone",
    "category": "CC_TWOHAND_PATH",
    "subcategory": "CSC_ALL",
    "skill_used": "spellcraft",
	"skills_required": [["spellcraft", 9]],
    "time": "30 m",
    "autolearn": true,
    "qualities": [ { "id": "SOUL_FORGE", "level": 1 }, { "id": "SOULCRAFT", "level": 1 }, { "id": "BLOOD_FORGE", "level": 1 }, { "id": "CLEANSING", "level": 1 }, { "id": "SOUL_BURN", "level": 1 }],
    "components": [ [ [ "corrupted_soul", 50 ] ], [ [ "cleansed_soul", 50 ] ], [ [ "soul_vessel", 1 ] ], [ [ "corrupted_vessel", 1 ] ]]
  },
  {
    "type": "recipe",
    "result": "vamp_mask",
    "category": "CC_TWOHAND_PATH",
    "subcategory": "CSC_ALL",
    "skill_used": "spellcraft",
	"skills_required": [["spellcraft", 9]],
    "time": "30 m",
    "autolearn": true,
    "qualities": [ { "id": "SOUL_FORGE", "level": 1 }, { "id": "SOULCRAFT", "level": 1 }, { "id": "BLOOD_FORGE", "level": 1 }, { "id": "CLEANSING", "level": 1 }, { "id": "SOUL_BURN", "level": 1 }],
    "components": [ [ [ "corrupted_soul", 1 ] ],[ [ "devil_fang", 2 ] ], [ [ "raw_bloodgem", 2 ] ],[ [ "abyssal_eye", 2 ] ],[ [ "rune_heart", 1 ] ], [ [ "decaying_soul", 1 ] ], [ [ "everwaning_soul", 1 ] ], [ [ "corrupted_vessel", 1 ] ]]
  },
  {
    "type": "recipe",
    "result": "shark_cuirass",
    "category": "CC_TWOHAND_PATH",
    "subcategory": "CSC_ALL",
    "skill_used": "spellcraft",
	"skills_required": [["spellcraft", 9]],
    "time": "30 m",
    "autolearn": true,
    "qualities": [ { "id": "SOUL_FORGE", "level": 1 } ],
    "components": [ [ [ "rune_fin", 2 ] ],  [ [ "runeingot", 10 ] ],  [ [ "spirit_salt", 3 ] ]]
  },
  {
    "type": "recipe",
    "result": "lance_trigger",
    "category": "CC_TWOHAND_PATH",
    "subcategory": "CSC_ALL",
    "skill_used": "spellcraft",
	"skills_required": [["spellcraft", 9]],
    "time": "30 m",
    "autolearn": true,
    "qualities": [ { "id": "SOUL_FORGE", "level": 1 } ],
    "components": [[ [ "ceruleum", 1 ] ], [ [ "raw_bloodgem", 6 ] ],  [ [ "runeingot", 1 ] ]]
  },
  {
    "type": "recipe",
    "result": "engine_trigger",
    "category": "CC_TWOHAND_PATH",
    "subcategory": "CSC_ALL",
    "skill_used": "spellcraft",
	"skills_required": [["spellcraft", 9]],
    "time": "30 m",
    "autolearn": true,
    "qualities": [ { "id": "SOUL_FORGE", "level": 1 } ],
    "components": [[ [ "crimsonite", 1 ] ], [ [ "raw_bloodgem", 6 ] ],  [ [ "runeingot", 1 ] ]]
  },
  {
    "type": "recipe",
    "result": "aegis_trigger",
    "category": "CC_TWOHAND_PATH",
    "subcategory": "CSC_ALL",
    "skill_used": "spellcraft",
	"skills_required": [["spellcraft", 9]],
    "time": "30 m",
    "autolearn": true,
    "qualities": [ { "id": "SOUL_FORGE", "level": 1 } ],
    "components": [[ [ "viridite", 1 ] ], [ [ "raw_bloodgem", 6 ] ],  [ [ "runeingot", 1 ] ]]
  },
  {
    "type": "recipe",
    "result": "soul_vessel",
    "category": "CC_TWOHAND_PATH",
    "subcategory": "CSC_ALL",
    "skill_used": "spellcraft",
	"skills_required": [["spellcraft", 9]],
    "time": "30 m",
    "autolearn": true,
    "qualities": [ { "id": "SOUL_FORGE", "level": 1 } ],
    "components": [[ [ "rune_heart", 1 ] ], [ [ "decaying_soul", 1 ] ]]
  },
  {
    "type": "recipe",
    "result": "gauntlets_rune",
    "category": "CC_TWOHAND_PATH",
    "subcategory": "CSC_TWOHAND_PATH_RUNE",
    "skill_used": "spellcraft",
	"skills_required": [["spellcraft", 9]],
    "time": "30 m",
    "autolearn": true,
    "qualities": [ { "id": "SOUL_FORGE", "level": 1 } ],
    "components": [ [ [ "runeingot", 6 ] ],  [ [ "spirit_salt", 3 ] ]]
  },
  {
    "type": "recipe",
    "result": "helmet_rune",
    "category": "CC_TWOHAND_PATH",
    "subcategory": "CSC_TWOHAND_PATH_RUNE",
    "skill_used": "spellcraft",
	"skills_required": [["spellcraft", 9]],
    "time": "30 m",
    "autolearn": true,
    "qualities": [ { "id": "SOUL_FORGE", "level": 1 } ],
    "components": [ [ [ "runeingot", 7 ] ],  [ [ "spirit_salt", 3 ] ]]
  },
  {
    "type": "recipe",
    "result": "rune_greaves",
    "category": "CC_TWOHAND_PATH",
    "subcategory": "CSC_TWOHAND_PATH_RUNE",
    "skill_used": "spellcraft",
	"skills_required": [["spellcraft", 9]],
    "time": "30 m",
    "autolearn": true,
    "qualities": [ { "id": "SOUL_FORGE", "level": 1 } ],
    "components": [ [ [ "runeingot", 8 ] ],  [ [ "spirit_salt", 3 ] ]]
  },
  {
    "type": "recipe",
    "result": "rune_cape",
    "category": "CC_TWOHAND_PATH",
    "subcategory": "CSC_TWOHAND_PATH_RUNE",
    "skill_used": "spellcraft",
	"skills_required": [["spellcraft", 9]],
    "time": "30 m",
    "autolearn": true,
    "qualities": [ { "id": "SOUL_FORGE", "level": 1 } ],
    "components": [ [ [ "rune_heart", 1 ] ],  [ [ "rune_silt", 3 ] ],  [ [ "rag", 20 ] ],  [ [ "spirit_salt", 3 ] ],  [ [ "raw_bloodgem", 1 ] ] ]
  },
  {
    "type": "recipe",
    "result": "runeingot",
    "category": "CC_TWOHAND_PATH",
    "subcategory": "CSC_TWOHAND_PATH_RUNE",
    "skill_used": "spellcraft",
	"skills_required": [["spellcraft", 6]],
    "time": "30 m",
    "autolearn": true,
    "qualities": [ { "id": "TRANSMUTATION", "level": 1 } ],
    "components": [ [ [ "rune_silt", 1 ] ],  [ [ "rune_heart", 1 ] ] ]
  },
  {
    "type": "recipe",
    "result": "rune_core",
    "category": "CC_TWOHAND_PATH",
    "subcategory": "CSC_TWOHAND_PATH_RUNE",
    "skill_used": "spellcraft",
	"skills_required": [["spellcraft", 6]],
    "time": "30 m",
    "autolearn": true,
    "qualities": [ { "id": "TRANSMUTATION", "level": 1 } ],
    "components": [  [ [ "broken_core", 1 ] ] ]
  },
  {
    "type": "recipe",
    "result": "runeingot",
    "category": "CC_TWOHAND_PATH",
    "subcategory": "CSC_TWOHAND_PATH_RUNE",
    "skill_used": "spellcraft",
	"skills_required": [["spellcraft", 6]],
    "time": "5 m",
    "autolearn": true,
    "qualities": [ { "id": "TRANSMUTATION", "level": 1 } ],
    "components": [  [ [ "broken_core", 1 ] ] ]
  },
  {
    "type": "recipe",
    "result": "rune_silt",
    "category": "CC_TWOHAND_PATH",
    "subcategory": "CSC_TWOHAND_PATH_RUNE",
    "skill_used": "spellcraft",
	"skills_required": [["spellcraft", 6]],
    "time": "30 m",
    "byproducts": [ [ "runeingot", 1 ], ["rune_silt",1] ],
    "autolearn": true,
    "qualities": [ { "id": "TRANSMUTATION", "level": 1 } ],
    "components": [ [ [ "rune_fin", 1 ] ] ]
  },
  {
    "type": "recipe",
    "result": "mana_tear",
    "category": "CC_TWOHAND_PATH",
    "subcategory": "CSC_ALL",
    "skill_used": "spellcraft",
	"skills_required": [["spellcraft", 6]],
    "time": "30 m",
    "autolearn": true,
    "qualities": [ { "id": "SOUL_FORGE", "level": 1 } ],
    "components": [ [ [ "devil_tear", 3 ] ],  [ [ "raw_bloodgem", 1 ] ], [ [ "spirit_salt", 3 ] ], [ [ "cleansed_soul", 1 ] ] ]
  },
  {
    "type": "recipe",
    "result": "inner_sanctuary",
    "category": "CC_TWOHAND_PATH",
    "subcategory": "CSC_TWOHAND_PATH_SOUL",
    "skill_used": "spellcraft",
	"skills_required": [["spellcraft", 6]],
    "time": "30 m",
    "autolearn": true,
    "qualities": [ { "id": "SOUL_FORGE", "level": 1 } ],
    "components": [ [ [ "spirit_salt", 3 ] ],[ [ "cleansed_soul", 1 ] ],  [ [ "rune_heart", 1 ] ], [ [ "soul_vessel", 1 ] ] ]
  },
  {
    "type": "recipe",
    "result": "spirit_guardian",
    "category": "CC_TWOHAND_PATH",
    "subcategory": "CSC_TWOHAND_PATH_SOUL",
    "skill_used": "spellcraft",
	"skills_required": [["spellcraft", 6]],
    "time": "30 m",
    "autolearn": true,
    "qualities": [ { "id": "SOUL_FORGE", "level": 1 } ],
    "components": [ [ [ "spirit_salt", 3 ] ],[ [ "cleansed_soul", 1 ] ],  [ [ "rune_heart", 1 ] ], [ [ "soul_vessel", 1 ] ] ]
  },
  {
    "type": "recipe",
    "result": "dark_spirit2",
    "category": "CC_TWOHAND_PATH",
    "subcategory": "CSC_TWOHAND_PATH_SOUL",
    "skill_used": "spellcraft",
	"skills_required": [["spellcraft", 9]],
    "time": "30 m",
    "autolearn": true,
    "qualities": [ { "id": "CURSED", "level": 1 },{ "id": "BLOOD_FORGE", "level": 2 } ],
    "components": [ [ [ "corrupted_soul", 1 ] ],  [ [ "dark_spirit", 2 ] ] ]
  },
  {
    "type": "recipe",
    "result": "dark_spirit",
    "category": "CC_TWOHAND_PATH",
    "subcategory": "CSC_TWOHAND_PATH_SOUL",
    "skill_used": "spellcraft",
	"skills_required": [["spellcraft", 6]],
    "time": "30 m",
    "autolearn": true,
    "qualities": [ { "id": "CURSED", "level": 1 },{ "id": "BLOOD_FORGE", "level": 1 } ],
    "components": [ [ [ "raw_bloodgem", 3 ] ],[ [ "corrupted_soul", 1 ] ],  [ [ "rune_heart", 1 ] ], [ [ "corrupted_vessel", 1 ] ] ]
  },
  {
    "type": "recipe",
    "result": "lance_ice_viridite",
    "category": "CC_TWOHAND_PATH",
    "subcategory": "CSC_TWOHAND_PATH_WEAPONS",
    "skill_used": "spellcraft",
	"skills_required": [["spellcraft", 4]],
    "time": "30 m",
    "autolearn": true,
    "qualities": [ { "id": "SOULCRAFT", "level": 2 } ],
    "components": [ [ [ "ceruleum_breaker", 1 ] ], [ [ "virid_core", 1 ] ], [ [ "lance_trigger", 1 ] ] ]
  },
  {
    "type": "recipe",
    "result": "lance_fire_viridite",
    "category": "CC_TWOHAND_PATH",
    "subcategory": "CSC_TWOHAND_PATH_WEAPONS",
    "skill_used": "spellcraft",
	"skills_required": [["spellcraft", 4]],
    "time": "30 m",
    "autolearn": true,
    "qualities": [ { "id": "SOULCRAFT", "level": 2 } ],
    "components": [ [ [ "crimson_breaker", 1 ] ], [ [ "virid_core", 1 ] ], [ [ "lance_trigger", 1 ] ] ]
  },
  {
    "type": "recipe",
    "result": "lance_acid_viridite",
    "category": "CC_TWOHAND_PATH",
    "subcategory": "CSC_TWOHAND_PATH_WEAPONS",
    "skill_used": "spellcraft",
	"skills_required": [["spellcraft", 4]],
    "time": "30 m",
    "autolearn": true,
    "qualities": [ { "id": "SOULCRAFT", "level": 2 } ],
    "components": [ [ [ "virid_breaker", 1 ] ], [ [ "virid_core", 1 ] ], [ [ "lance_trigger", 1 ] ] ]
  },
  {
    "type": "recipe",
    "result": "lance_elec_viridite",
    "category": "CC_TWOHAND_PATH",
    "subcategory": "CSC_TWOHAND_PATH_WEAPONS",
    "skill_used": "spellcraft",
	"skills_required": [["spellcraft", 4]],
    "time": "30 m",
    "autolearn": true,
    "qualities": [ { "id": "SOULCRAFT", "level": 2 } ],
    "components": [ [ [ "argent_breaker", 1 ] ], [ [ "virid_core", 1 ] ], [ [ "lance_trigger", 1 ] ] ]
  },
  {
    "type": "recipe",
    "result": "lance_ice_argentium",
    "category": "CC_TWOHAND_PATH",
    "subcategory": "CSC_TWOHAND_PATH_WEAPONS",
    "skill_used": "spellcraft",
	"skills_required": [["spellcraft", 4]],
    "time": "30 m",
    "autolearn": true,
    "qualities": [ { "id": "SOULCRAFT", "level": 2 } ],
    "components": [ [ [ "ceruleum_breaker", 1 ] ], [ [ "argent_core", 1 ] ], [ [ "lance_trigger", 1 ] ] ]
  },
  {
    "type": "recipe",
    "result": "lance_fire_argentium",
    "category": "CC_TWOHAND_PATH",
    "subcategory": "CSC_TWOHAND_PATH_WEAPONS",
    "skill_used": "spellcraft",
	"skills_required": [["spellcraft", 4]],
    "time": "30 m",
    "autolearn": true,
    "qualities": [ { "id": "SOULCRAFT", "level": 2 } ],
    "components": [ [ [ "crimson_breaker", 1 ] ], [ [ "argent_core", 1 ] ], [ [ "lance_trigger", 1 ] ] ]
  },
  {
    "type": "recipe",
    "result": "lance_acid_argentium",
    "category": "CC_TWOHAND_PATH",
    "subcategory": "CSC_TWOHAND_PATH_WEAPONS",
    "skill_used": "spellcraft",
	"skills_required": [["spellcraft", 4]],
    "time": "30 m",
    "autolearn": true,
    "qualities": [ { "id": "SOULCRAFT", "level": 2 } ],
    "components": [ [ [ "virid_breaker", 1 ] ], [ [ "argent_core", 1 ] ], [ [ "lance_trigger", 1 ] ] ]
  },
  {
    "type": "recipe",
    "result": "lance_elec_argentium",
    "category": "CC_TWOHAND_PATH",
    "subcategory": "CSC_TWOHAND_PATH_WEAPONS",
    "skill_used": "spellcraft",
	"skills_required": [["spellcraft", 4]],
    "time": "30 m",
    "autolearn": true,
    "qualities": [ { "id": "SOULCRAFT", "level": 2 } ],
    "components": [ [ [ "argent_breaker", 1 ] ], [ [ "argent_core", 1 ] ], [ [ "lance_trigger", 1 ] ] ]
  },
  {
    "type": "recipe",
    "result": "lance_ice_crimsonite",
    "category": "CC_TWOHAND_PATH",
    "subcategory": "CSC_TWOHAND_PATH_WEAPONS",
    "skill_used": "spellcraft",
	"skills_required": [["spellcraft", 4]],
    "time": "30 m",
    "autolearn": true,
    "qualities": [ { "id": "SOULCRAFT", "level": 2 } ],
    "components": [ [ [ "ceruleum_breaker", 1 ] ], [ [ "crimson_core", 1 ] ], [ [ "lance_trigger", 1 ] ] ]
  },
  {
    "type": "recipe",
    "result": "lance_fire_crimsonite",
    "category": "CC_TWOHAND_PATH",
    "subcategory": "CSC_TWOHAND_PATH_WEAPONS",
    "skill_used": "spellcraft",
	"skills_required": [["spellcraft", 4]],
    "time": "30 m",
    "autolearn": true,
    "qualities": [ { "id": "SOULCRAFT", "level": 2 } ],
    "components": [ [ [ "crimson_breaker", 1 ] ], [ [ "crimson_core", 1 ] ], [ [ "lance_trigger", 1 ] ] ]
  },
  {
    "type": "recipe",
    "result": "lance_acid_crimsonite",
    "category": "CC_TWOHAND_PATH",
    "subcategory": "CSC_TWOHAND_PATH_WEAPONS",
    "skill_used": "spellcraft",
	"skills_required": [["spellcraft", 4]],
    "time": "30 m",
    "autolearn": true,
    "qualities": [ { "id": "SOULCRAFT", "level": 2 } ],
    "components": [ [ [ "virid_breaker", 1 ] ], [ [ "crimson_core", 1 ] ], [ [ "lance_trigger", 1 ] ] ]
  },
  {
    "type": "recipe",
    "result": "lance_elec_crimsonite",
    "category": "CC_TWOHAND_PATH",
    "subcategory": "CSC_TWOHAND_PATH_WEAPONS",
    "skill_used": "spellcraft",
	"skills_required": [["spellcraft", 4]],
    "time": "30 m",
    "autolearn": true,
    "qualities": [ { "id": "SOULCRAFT", "level": 2 } ],
    "components": [ [ [ "argent_breaker", 1 ] ], [ [ "crimson_core", 1 ] ], [ [ "lance_trigger", 1 ] ] ]
  },
  {
    "type": "recipe",
    "result": "lance_ice_ceruleum",
    "category": "CC_TWOHAND_PATH",
    "subcategory": "CSC_TWOHAND_PATH_WEAPONS",
    "skill_used": "spellcraft",
	"skills_required": [["spellcraft", 4]],
    "time": "30 m",
    "autolearn": true,
    "qualities": [ { "id": "SOULCRAFT", "level": 2 } ],
    "components": [ [ [ "ceruleum_breaker", 1 ] ], [ [ "ceruleum_core", 1 ] ], [ [ "lance_trigger", 1 ] ] ]
  },
  {
    "type": "recipe",
    "result": "lance_fire_ceruleum",
    "category": "CC_TWOHAND_PATH",
    "subcategory": "CSC_TWOHAND_PATH_WEAPONS",
    "skill_used": "spellcraft",
	"skills_required": [["spellcraft", 4]],
    "time": "30 m",
    "autolearn": true,
    "qualities": [ { "id": "SOULCRAFT", "level": 2 } ],
    "components": [ [ [ "crimson_breaker", 1 ] ], [ [ "ceruleum_core", 1 ] ], [ [ "lance_trigger", 1 ] ] ]
  },
  {
    "type": "recipe",
    "result": "lance_acid_ceruleum",
    "category": "CC_TWOHAND_PATH",
    "subcategory": "CSC_TWOHAND_PATH_WEAPONS",
    "skill_used": "spellcraft",
	"skills_required": [["spellcraft", 4]],
    "time": "30 m",
    "autolearn": true,
    "qualities": [ { "id": "SOULCRAFT", "level": 2 } ],
    "components": [ [ [ "virid_breaker", 1 ] ], [ [ "ceruleum_core", 1 ] ], [ [ "lance_trigger", 1 ] ] ]
  },
  {
    "type": "recipe",
    "result": "lance_elec_ceruleum",
    "category": "CC_TWOHAND_PATH",
    "subcategory": "CSC_TWOHAND_PATH_WEAPONS",
    "skill_used": "spellcraft",
	"skills_required": [["spellcraft", 4]],
    "time": "30 m",
    "autolearn": true,
    "qualities": [ { "id": "SOULCRAFT", "level": 2 } ],
    "components": [ [ [ "argent_breaker", 1 ] ], [ [ "ceruleum_core", 1 ] ], [ [ "lance_trigger", 1 ] ] ]
  },
  {
    "type": "recipe",
    "result": "engine_ice_ceruleum",
    "category": "CC_TWOHAND_PATH",
    "subcategory": "CSC_TWOHAND_PATH_WEAPONS",
    "skill_used": "spellcraft",
	"skills_required": [["spellcraft", 4]],
    "time": "30 m",
    "autolearn": true,
    "qualities": [ { "id": "SOULCRAFT", "level": 2 } ],
    "components": [ [ [ "ceruleum_breaker", 1 ] ], [ [ "ceruleum_core", 1 ] ], [ [ "engine_trigger", 1 ] ] ]
  },
  {
    "type": "recipe",
    "result": "engine_fire_ceruleum",
    "category": "CC_TWOHAND_PATH",
    "subcategory": "CSC_TWOHAND_PATH_WEAPONS",
    "skill_used": "spellcraft",
	"skills_required": [["spellcraft", 4]],
    "time": "30 m",
    "autolearn": true,
    "qualities": [ { "id": "SOULCRAFT", "level": 2 } ],
    "components": [ [ [ "crimson_breaker", 1 ] ], [ [ "ceruleum_core", 1 ] ], [ [ "engine_trigger", 1 ] ] ]
  },
  {
    "type": "recipe",
    "result": "engine_acid_ceruleum",
    "category": "CC_TWOHAND_PATH",
    "subcategory": "CSC_TWOHAND_PATH_WEAPONS",
    "skill_used": "spellcraft",
	"skills_required": [["spellcraft", 4]],
    "time": "30 m",
    "autolearn": true,
    "qualities": [ { "id": "SOULCRAFT", "level": 2 } ],
    "components": [ [ [ "virid_breaker", 1 ] ], [ [ "ceruleum_core", 1 ] ], [ [ "engine_trigger", 1 ] ] ]
  },
  {
    "type": "recipe",
    "result": "engine_elec_ceruleum",
    "category": "CC_TWOHAND_PATH",
    "subcategory": "CSC_TWOHAND_PATH_WEAPONS",
    "skill_used": "spellcraft",
	"skills_required": [["spellcraft", 4]],
    "time": "30 m",
    "autolearn": true,
    "qualities": [ { "id": "SOULCRAFT", "level": 2 } ],
    "components": [ [ [ "argent_breaker", 1 ] ], [ [ "ceruleum_core", 1 ] ], [ [ "engine_trigger", 1 ] ] ]
  },
  {
    "type": "recipe",
    "result": "engine_ice_crimsonite",
    "category": "CC_TWOHAND_PATH",
    "subcategory": "CSC_TWOHAND_PATH_WEAPONS",
    "skill_used": "spellcraft",
	"skills_required": [["spellcraft", 4]],
    "time": "30 m",
    "autolearn": true,
    "qualities": [ { "id": "SOULCRAFT", "level": 2 } ],
    "components": [ [ [ "ceruleum_breaker", 1 ] ], [ [ "crimson_core", 1 ] ], [ [ "engine_trigger", 1 ] ] ]
  },
  {
    "type": "recipe",
    "result": "engine_fire_crimsonite",
    "category": "CC_TWOHAND_PATH",
    "subcategory": "CSC_TWOHAND_PATH_WEAPONS",
    "skill_used": "spellcraft",
	"skills_required": [["spellcraft", 4]],
    "time": "30 m",
    "autolearn": true,
    "qualities": [ { "id": "SOULCRAFT", "level": 2 } ],
    "components": [ [ [ "crimson_breaker", 1 ] ], [ [ "crimson_core", 1 ] ], [ [ "engine_trigger", 1 ] ] ]
  },
  {
    "type": "recipe",
    "result": "engine_acid_crimsonite",
    "category": "CC_TWOHAND_PATH",
    "subcategory": "CSC_TWOHAND_PATH_WEAPONS",
    "skill_used": "spellcraft",
	"skills_required": [["spellcraft", 4]],
    "time": "30 m",
    "autolearn": true,
    "qualities": [ { "id": "SOULCRAFT", "level": 2 } ],
    "components": [ [ [ "virid_breaker", 1 ] ], [ [ "crimson_core", 1 ] ], [ [ "engine_trigger", 1 ] ] ]
  },
  {
    "type": "recipe",
    "result": "engine_elec_crimsonite",
    "category": "CC_TWOHAND_PATH",
    "subcategory": "CSC_TWOHAND_PATH_WEAPONS",
    "skill_used": "spellcraft",
	"skills_required": [["spellcraft", 4]],
    "time": "30 m",
    "autolearn": true,
    "qualities": [ { "id": "SOULCRAFT", "level": 2 } ],
    "components": [ [ [ "argent_breaker", 1 ] ], [ [ "crimson_core", 1 ] ], [ [ "engine_trigger", 1 ] ] ]
  },
  {
    "type": "recipe",
    "result": "engine_ice_argentium",
    "category": "CC_TWOHAND_PATH",
    "subcategory": "CSC_TWOHAND_PATH_WEAPONS",
    "skill_used": "spellcraft",
	"skills_required": [["spellcraft", 4]],
    "time": "30 m",
    "autolearn": true,
    "qualities": [ { "id": "SOULCRAFT", "level": 2 } ],
    "components": [ [ [ "ceruleum_breaker", 1 ] ], [ [ "argent_core", 1 ] ], [ [ "engine_trigger", 1 ] ] ]
  },
  {
    "type": "recipe",
    "result": "engine_fire_argentium",
    "category": "CC_TWOHAND_PATH",
    "subcategory": "CSC_TWOHAND_PATH_WEAPONS",
    "skill_used": "spellcraft",
	"skills_required": [["spellcraft", 4]],
    "time": "30 m",
    "autolearn": true,
    "qualities": [ { "id": "SOULCRAFT", "level": 2 } ],
    "components": [ [ [ "crimson_breaker", 1 ] ], [ [ "argent_core", 1 ] ], [ [ "engine_trigger", 1 ] ] ]
  },
  {
    "type": "recipe",
    "result": "engine_acid_argentium",
    "category": "CC_TWOHAND_PATH",
    "subcategory": "CSC_TWOHAND_PATH_WEAPONS",
    "skill_used": "spellcraft",
	"skills_required": [["spellcraft", 4]],
    "time": "30 m",
    "autolearn": true,
    "qualities": [ { "id": "SOULCRAFT", "level": 2 } ],
    "components": [ [ [ "virid_breaker", 1 ] ], [ [ "argent_core", 1 ] ], [ [ "engine_trigger", 1 ] ] ]
  },
  {
    "type": "recipe",
    "result": "engine_elec_argentium",
    "category": "CC_TWOHAND_PATH",
    "subcategory": "CSC_TWOHAND_PATH_WEAPONS",
    "skill_used": "spellcraft",
	"skills_required": [["spellcraft", 4]],
    "time": "30 m",
    "autolearn": true,
    "qualities": [ { "id": "SOULCRAFT", "level": 2 } ],
    "components": [ [ [ "argent_breaker", 1 ] ], [ [ "argent_core", 1 ] ], [ [ "engine_trigger", 1 ] ] ]
  },
  {
    "type": "recipe",
    "result": "engine_ice_viridite",
    "category": "CC_TWOHAND_PATH",
    "subcategory": "CSC_TWOHAND_PATH_WEAPONS",
    "skill_used": "spellcraft",
	"skills_required": [["spellcraft", 4]],
    "time": "30 m",
    "autolearn": true,
    "qualities": [ { "id": "SOULCRAFT", "level": 2 } ],
    "components": [ [ [ "ceruleum_breaker", 1 ] ], [ [ "virid_core", 1 ] ], [ [ "engine_trigger", 1 ] ] ]
  },
  {
    "type": "recipe",
    "result": "engine_fire_viridite",
    "category": "CC_TWOHAND_PATH",
    "subcategory": "CSC_TWOHAND_PATH_WEAPONS",
    "skill_used": "spellcraft",
	"skills_required": [["spellcraft", 4]],
    "time": "30 m",
    "autolearn": true,
    "qualities": [ { "id": "SOULCRAFT", "level": 2 } ],
    "components": [ [ [ "crimson_breaker", 1 ] ], [ [ "virid_core", 1 ] ], [ [ "engine_trigger", 1 ] ] ]
  },
  {
    "type": "recipe",
    "result": "engine_acid_viridite",
    "category": "CC_TWOHAND_PATH",
    "subcategory": "CSC_TWOHAND_PATH_WEAPONS",
    "skill_used": "spellcraft",
	"skills_required": [["spellcraft", 4]],
    "time": "30 m",
    "autolearn": true,
    "qualities": [ { "id": "SOULCRAFT", "level": 2 } ],
    "components": [ [ [ "virid_breaker", 1 ] ], [ [ "virid_core", 1 ] ], [ [ "engine_trigger", 1 ] ] ]
  },
  {
    "type": "recipe",
    "result": "engine_elec_viridite",
    "category": "CC_TWOHAND_PATH",
    "subcategory": "CSC_TWOHAND_PATH_WEAPONS",
    "skill_used": "spellcraft",
	"skills_required": [["spellcraft", 4]],
    "time": "30 m",
    "autolearn": true,
    "qualities": [ { "id": "SOULCRAFT", "level": 2 } ],
    "components": [ [ [ "argent_breaker", 1 ] ], [ [ "virid_core", 1 ] ], [ [ "engine_trigger", 1 ] ] ]
  },
  {
    "type": "recipe",
    "result": "aegis_frost_viridite",
    "category": "CC_TWOHAND_PATH",
    "subcategory": "CSC_TWOHAND_PATH_WEAPONS",
    "skill_used": "spellcraft",
	"skills_required": [["spellcraft", 4]],
    "time": "30 m",
    "autolearn": true,
    "qualities": [ { "id": "SOULCRAFT", "level": 2 } ],
    "components": [ [ [ "ceruleum_breaker", 1 ] ], [ [ "virid_core", 1 ] ], [ [ "aegis_trigger", 1 ] ] ]
  },
  {
    "type": "recipe",
    "result": "aegis_fire_viridite",
    "category": "CC_TWOHAND_PATH",
    "subcategory": "CSC_TWOHAND_PATH_WEAPONS",
    "skill_used": "spellcraft",
	"skills_required": [["spellcraft", 4]],
    "time": "30 m",
    "autolearn": true,
    "qualities": [ { "id": "SOULCRAFT", "level": 2 } ],
    "components": [ [ [ "crimson_breaker", 1 ] ], [ [ "virid_core", 1 ] ], [ [ "aegis_trigger", 1 ] ] ]
  },
  {
    "type": "recipe",
    "result": "aegis_acid_viridite",
    "category": "CC_TWOHAND_PATH",
    "subcategory": "CSC_TWOHAND_PATH_WEAPONS",
    "skill_used": "spellcraft",
	"skills_required": [["spellcraft", 4]],
    "time": "30 m",
    "autolearn": true,
    "qualities": [ { "id": "SOULCRAFT", "level": 2 } ],
    "components": [ [ [ "virid_breaker", 1 ] ], [ [ "virid_core", 1 ] ], [ [ "aegis_trigger", 1 ] ] ]
  },
  {
    "type": "recipe",
    "result": "aegis_elec_viridite",
    "category": "CC_TWOHAND_PATH",
    "subcategory": "CSC_TWOHAND_PATH_WEAPONS",
    "skill_used": "spellcraft",
	"skills_required": [["spellcraft", 4]],
    "time": "30 m",
    "autolearn": true,
    "qualities": [ { "id": "SOULCRAFT", "level": 2 } ],
    "components": [ [ [ "argent_breaker", 1 ] ], [ [ "virid_core", 1 ] ], [ [ "aegis_trigger", 1 ] ] ]
  },
  {
    "type": "recipe",
    "result": "aegis_frost_argentium",
    "category": "CC_TWOHAND_PATH",
    "subcategory": "CSC_TWOHAND_PATH_WEAPONS",
    "skill_used": "spellcraft",
	"skills_required": [["spellcraft", 4]],
    "time": "30 m",
    "autolearn": true,
    "qualities": [ { "id": "SOULCRAFT", "level": 2 } ],
    "components": [ [ [ "ceruleum_breaker", 1 ] ], [ [ "argent_core", 1 ] ], [ [ "aegis_trigger", 1 ] ] ]
  },
  {
    "type": "recipe",
    "result": "aegis_fire_argentium",
    "category": "CC_TWOHAND_PATH",
    "subcategory": "CSC_TWOHAND_PATH_WEAPONS",
    "skill_used": "spellcraft",
	"skills_required": [["spellcraft", 4]],
    "time": "30 m",
    "autolearn": true,
    "qualities": [ { "id": "SOULCRAFT", "level": 2 } ],
    "components": [ [ [ "crimson_breaker", 1 ] ], [ [ "argent_core", 1 ] ], [ [ "aegis_trigger", 1 ] ] ]
  },
  {
    "type": "recipe",
    "result": "aegis_acid_argentium",
    "category": "CC_TWOHAND_PATH",
    "subcategory": "CSC_TWOHAND_PATH_WEAPONS",
    "skill_used": "spellcraft",
	"skills_required": [["spellcraft", 4]],
    "time": "30 m",
    "autolearn": true,
    "qualities": [ { "id": "SOULCRAFT", "level": 2 } ],
    "components": [ [ [ "virid_breaker", 1 ] ], [ [ "argent_core", 1 ] ], [ [ "aegis_trigger", 1 ] ] ]
  },
  {
    "type": "recipe",
    "result": "aegis_elec_argentium",
    "category": "CC_TWOHAND_PATH",
    "subcategory": "CSC_TWOHAND_PATH_WEAPONS",
    "skill_used": "spellcraft",
	"skills_required": [["spellcraft", 4]],
    "time": "30 m",
    "autolearn": true,
    "qualities": [ { "id": "SOULCRAFT", "level": 2 } ],
    "components": [ [ [ "argent_breaker", 1 ] ], [ [ "argent_core", 1 ] ], [ [ "aegis_trigger", 1 ] ] ]
  },
  {
    "type": "recipe",
    "result": "aegis_frost_crimsonite",
    "category": "CC_TWOHAND_PATH",
    "subcategory": "CSC_TWOHAND_PATH_WEAPONS",
    "skill_used": "spellcraft",
	"skills_required": [["spellcraft", 4]],
    "time": "30 m",
    "autolearn": true,
    "qualities": [ { "id": "SOULCRAFT", "level": 2 } ],
    "components": [ [ [ "ceruleum_breaker", 1 ] ], [ [ "crimson_core", 1 ] ], [ [ "aegis_trigger", 1 ] ] ]
  },
  {
    "type": "recipe",
    "result": "aegis_fire_crimsonite",
    "category": "CC_TWOHAND_PATH",
    "subcategory": "CSC_TWOHAND_PATH_WEAPONS",
    "skill_used": "spellcraft",
	"skills_required": [["spellcraft", 4]],
    "time": "30 m",
    "autolearn": true,
    "qualities": [ { "id": "SOULCRAFT", "level": 2 } ],
    "components": [ [ [ "crimson_breaker", 1 ] ], [ [ "crimson_core", 1 ] ], [ [ "aegis_trigger", 1 ] ] ]
  },
  {
    "type": "recipe",
    "result": "aegis_acid_crimsonite",
    "category": "CC_TWOHAND_PATH",
    "subcategory": "CSC_TWOHAND_PATH_WEAPONS",
    "skill_used": "spellcraft",
	"skills_required": [["spellcraft", 4]],
    "time": "30 m",
    "autolearn": true,
    "qualities": [ { "id": "SOULCRAFT", "level": 2 } ],
    "components": [ [ [ "virid_breaker", 1 ] ], [ [ "crimson_core", 1 ] ], [ [ "aegis_trigger", 1 ] ] ]
  },
  {
    "type": "recipe",
    "result": "aegis_elec_crimsonite",
    "category": "CC_TWOHAND_PATH",
    "subcategory": "CSC_TWOHAND_PATH_WEAPONS",
    "skill_used": "spellcraft",
	"skills_required": [["spellcraft", 4]],
    "time": "30 m",
    "autolearn": true,
    "qualities": [ { "id": "SOULCRAFT", "level": 2 } ],
    "components": [ [ [ "argent_breaker", 1 ] ], [ [ "crimson_core", 1 ] ], [ [ "aegis_trigger", 1 ] ] ]
  },
  {
    "type": "recipe",
    "result": "aegis_frost_ceruleum",
    "category": "CC_TWOHAND_PATH",
    "subcategory": "CSC_TWOHAND_PATH_WEAPONS",
    "skill_used": "spellcraft",
	"skills_required": [["spellcraft", 4]],
    "time": "30 m",
    "autolearn": true,
    "qualities": [ { "id": "SOULCRAFT", "level": 2 } ],
    "components": [ [ [ "ceruleum_breaker", 1 ] ], [ [ "ceruleum_core", 1 ] ], [ [ "aegis_trigger", 1 ] ] ]
  },
  {
    "type": "recipe",
    "result": "aegis_fire_ceruleum",
    "category": "CC_TWOHAND_PATH",
    "subcategory": "CSC_TWOHAND_PATH_WEAPONS",
    "skill_used": "spellcraft",
	"skills_required": [["spellcraft", 4]],
    "time": "30 m",
    "autolearn": true,
    "qualities": [ { "id": "SOULCRAFT", "level": 2 } ],
    "components": [ [ [ "crimson_breaker", 1 ] ], [ [ "ceruleum_core", 1 ] ], [ [ "aegis_trigger", 1 ] ] ]
  },
  {
    "type": "recipe",
    "result": "aegis_acid_ceruleum",
    "category": "CC_TWOHAND_PATH",
    "subcategory": "CSC_TWOHAND_PATH_WEAPONS",
    "skill_used": "spellcraft",
	"skills_required": [["spellcraft", 4]],
    "time": "30 m",
    "autolearn": true,
    "qualities": [ { "id": "SOULCRAFT", "level": 2 } ],
    "components": [ [ [ "virid_breaker", 1 ] ], [ [ "ceruleum_core", 1 ] ], [ [ "aegis_trigger", 1 ] ] ]
  },
  {
    "type": "recipe",
    "result": "aegis_elec_ceruleum",
    "category": "CC_TWOHAND_PATH",
    "subcategory": "CSC_TWOHAND_PATH_WEAPONS",
    "skill_used": "spellcraft",
	"skills_required": [["spellcraft", 4]],
    "time": "30 m",
    "autolearn": true,
    "qualities": [ { "id": "SOULCRAFT", "level": 2 } ],
    "components": [ [ [ "argent_breaker", 1 ] ], [ [ "ceruleum_core", 1 ] ], [ [ "aegis_trigger", 1 ] ] ]
  },
  {
    "type": "recipe",
    "result": "ceruleum_breaker",
    "category": "CC_TWOHAND_PATH",
    "subcategory": "CSC_TWOHAND_PATH_WEAPONS",
    "skill_used": "spellcraft",
	"skills_required": [["spellcraft", 4]],
    "time": "30 m",
    "autolearn": true,
    "qualities": [ { "id": "SOULCRAFT", "level": 2 } ],
    "components": [ [ [ "blood_blade", 1 ] ], [ [ "ceruleum_sword", 1 ] ], [ [ "rune_heart", 1 ] ] ]
  },
  {
    "type": "recipe",
    "result": "crimson_breaker",
    "category": "CC_TWOHAND_PATH",
    "subcategory": "CSC_TWOHAND_PATH_WEAPONS",
    "skill_used": "spellcraft",
	"skills_required": [["spellcraft", 4]],
    "time": "30 m",
    "autolearn": true,
    "qualities": [ { "id": "SOULCRAFT", "level": 2 } ],
    "components": [ [ [ "blood_blade", 1 ] ], [ [ "crimson_sword", 1 ] ], [ [ "rune_heart", 1 ] ] ]
  },
  {
    "type": "recipe",
    "result": "argent_breaker",
    "category": "CC_TWOHAND_PATH",
    "subcategory": "CSC_TWOHAND_PATH_WEAPONS",
    "skill_used": "spellcraft",
	"skills_required": [["spellcraft", 4]],
    "time": "30 m",
    "autolearn": true,
    "qualities": [ { "id": "SOULCRAFT", "level": 2 } ],
    "components": [ [ [ "blood_blade", 1 ] ], [ [ "argent_sword", 1 ] ], [ [ "rune_heart", 1 ] ] ]
  },
  {
    "type": "recipe",
    "result": "virid_breaker",
    "category": "CC_TWOHAND_PATH",
    "subcategory": "CSC_TWOHAND_PATH_WEAPONS",
    "skill_used": "spellcraft",
	"skills_required": [["spellcraft", 4]],
    "time": "30 m",
    "autolearn": true,
    "qualities": [ { "id": "SOULCRAFT", "level": 2 } ],
    "components": [ [ [ "blood_blade", 1 ] ], [ [ "virid_sword", 1 ] ], [ [ "rune_heart", 1 ] ] ]
  },
  {
    "type": "recipe",
    "result": "blood_blade",
    "category": "CC_TWOHAND_PATH",
    "subcategory": "CSC_TWOHAND_PATH_WEAPONS",
    "skill_used": "spellcraft",
	"skills_required": [["spellcraft", 3]],
    "time": "30 m",
    "autolearn": true,
    "qualities": [ { "id": "BLOOD_FORGE", "level": 1 } ],
    "components": [ [ [ "raw_bloodgem", 2 ] ], [ [ "ritual_blood", 4 ] ] ]
  },
  {
    "type": "recipe",
    "result": "rune_heart",
    "category": "CC_TWOHAND_PATH",
    "subcategory": "CSC_TWOHAND_PATH_RUNE",
    "skill_used": "spellcraft",
	"skills_required": [["spellcraft", 3]],
    "time": "30 m",
    "autolearn": true,
    "qualities": [ { "id": "BLOOD_FORGE", "level": 1 } ],
    "components": [ [ [ "spiral_stone", 1 ] ], [ [ "spirit_salt", 1 ] ] ]
  },
  {
    "type": "recipe",
    "result": "ceruleum_sword",
    "category": "CC_TWOHAND_PATH",
    "subcategory": "CSC_TWOHAND_PATH_WEAPONS",
    "skill_used": "spellcraft",
	"skills_required": [["spellcraft", 3]],
    "time": "30 m",
    "autolearn": true,
    "qualities": [ { "id": "SOULCRAFT", "level": 2 } ],
    "components": [ [ [ "cleansed_soul", 1 ] ], [ [ "ceruleum", 1 ] ] ]
  },
  {
    "type": "recipe",
    "result": "crimson_sword",
    "category": "CC_TWOHAND_PATH",
    "subcategory": "CSC_TWOHAND_PATH_WEAPONS",
    "skill_used": "spellcraft",
	"skills_required": [["spellcraft", 3]],
    "time": "30 m",
    "autolearn": true,
    "qualities": [ { "id": "SOULCRAFT", "level": 2 } ],
    "components": [ [ [ "cleansed_soul", 1 ] ], [ [ "crimsonite", 1 ] ] ]
  },
  {
    "type": "recipe",
    "result": "virid_sword",
    "category": "CC_TWOHAND_PATH",
    "subcategory": "CSC_TWOHAND_PATH_WEAPONS",
    "skill_used": "spellcraft",
	"skills_required": [["spellcraft", 3]],
    "time": "30 m",
    "autolearn": true,
    "qualities": [ { "id": "SOULCRAFT", "level": 2 } ],
    "components": [ [ [ "cleansed_soul", 1 ] ], [ [ "viridite", 1 ] ] ]
  },
  {
    "type": "recipe",
    "result": "argent_sword",
    "category": "CC_TWOHAND_PATH",
    "subcategory": "CSC_TWOHAND_PATH_WEAPONS",
    "skill_used": "spellcraft",
	"skills_required": [["spellcraft", 3]],
    "time": "30 m",
    "autolearn": true,
    "qualities": [ { "id": "SOULCRAFT", "level": 2 } ],
    "components": [ [ [ "cleansed_soul", 1 ] ], [ [ "argentium", 1 ] ] ]
  },
  {
    "type": "recipe",
    "result": "cleansed_soul",
    "category": "CC_TWOHAND_PATH",
    "subcategory": "CSC_ALL",
    "skill_used": "spellcraft",
	"skills_required": [["spellcraft", 4]],
    "time": "30 m",
    "autolearn": true,
    "qualities": [ { "id": "CLEANSING", "level": 1 } ],
    "components": [ [ [ "decaying_soul", 1 ] ], [ [ "spirit_salt", 1 ] ] ]
  },
  {
    "type": "recipe",
    "result": "everwaning_soul",
    "category": "CC_TWOHAND_PATH",
    "subcategory": "CSC_TWOHAND_PATH_SOUL",
    "skill_used": "spellcraft",
	"skills_required": [["spellcraft", 4]],
    "time": "30 m",
    "autolearn": true,
    "qualities": [ { "id": "CURSED", "level": 1 } ],
    "components": [ [ [ "decaying_soul", 1 ] ], [ [ "ritual_blood", 1 ] ] ]
  },
  {
    "type": "recipe",
    "result": "corrupted_soul",
    "category": "CC_TWOHAND_PATH",
    "subcategory": "CSC_TWOHAND_PATH_SOUL",
    "skill_used": "spellcraft",
	"skills_required": [["spellcraft", 4]],
    "time": "30 m",
    "autolearn": true,
    "qualities": [ { "id": "CORRUPT", "level": 1 } ],
    "components": [ [ [ "everwaning_soul", 1 ] ]]
  },
  {
    "type": "recipe",
    "result": "soul_ash",
    "category": "CC_TWOHAND_PATH",
    "subcategory": "CSC_TWOHAND_PATH_SOUL",
    "skill_used": "spellcraft",
	"skills_required": [["spellcraft", 1]],
    "time": "30 m",
    "autolearn": true,
    "qualities": [ { "id": "SOUL_BURN", "level": 1 } ],
    "components": [ [ [ "decaying_soul", 1 ] ] ]
  },
  {
    "type": "recipe",
    "result": "ritual_blood",
    "category": "CC_TWOHAND_PATH",
    "subcategory": "CSC_ALL",
    "skill_used": "spellcraft",
	"skills_required": [["spellcraft", 1]],
    "time": "30 m",
    "autolearn": true,
    "qualities": [ { "id": "SOULCRAFT", "level": 1 } ],
    "components": [ [ [ "edible_blood", 1, "LIST" ] ], [ [ "spirit_salt", 1 ] ] ]
  },
  {
    "type": "recipe",
    "result": "spirit_salt",
    "category": "CC_TWOHAND_PATH",
    "subcategory": "CSC_TWOHAND_PATH_SOUL",
    "skill_used": "spellcraft",
	"skills_required": [["spellcraft", 1]],
    "time": "30 m",
    "autolearn": true,
    "qualities": [ { "id": "SOULCRAFT", "level": 1 } ],
    "components": [ [ [ "soul_ash", 1 ] ], [ [ "salt", 10 ] ] ]
  },
  {
    "type": "recipe",
    "result": "elec_bloodshot",
	"id_suffix": "1",
    "category": "CC_TWOHAND_PATH",
    "subcategory": "CSC_TWOHAND_PATH_CRYSTALS",
    "skill_used": "spellcraft",
	"skills_required": [["spellcraft", 5]],
    "byproducts": [ [ "elec_bloodshot", 4 ] ],
    "time": "1 m",
    "autolearn": true,
    "qualities": [ { "id": "TRANSMUTATION", "level": 1 } ],
    "components": [ [ [ "argentium", 1 ] ],[ [ "raw_bloodgem", 1 ] ] ]
  },
  {
    "type": "recipe",
    "result": "ice_bloodshot",
	"id_suffix": "1",
    "category": "CC_TWOHAND_PATH",
    "subcategory": "CSC_TWOHAND_PATH_CRYSTALS",
    "skill_used": "spellcraft",
	"skills_required": [["spellcraft", 5]],
    "byproducts": [ [ "ice_bloodshot", 4 ] ],
    "time": "1 m",
    "autolearn": true,
    "qualities": [ { "id": "TRANSMUTATION", "level": 1 } ],
    "components": [ [ [ "ceruleum", 1 ] ],[ [ "raw_bloodgem", 1 ] ] ]
  },
  {
    "type": "recipe",
    "result": "fire_bloodshot",
	"id_suffix": "1",
    "category": "CC_TWOHAND_PATH",
    "subcategory": "CSC_TWOHAND_PATH_CRYSTALS",
    "skill_used": "spellcraft",
	"skills_required": [["spellcraft", 5]],
    "byproducts": [ [ "fire_bloodshot", 4 ] ],
    "time": "1 m",
    "autolearn": true,
    "qualities": [ { "id": "TRANSMUTATION", "level": 1 } ],
    "components": [ [ [ "crimsonite", 1 ] ],[ [ "raw_bloodgem", 1 ] ] ]
  },
  {
    "type": "recipe",
    "result": "acid_bloodshot",
	"id_suffix": "1",
    "category": "CC_TWOHAND_PATH",
    "subcategory": "CSC_TWOHAND_PATH_CRYSTALS",
    "skill_used": "spellcraft",
	"skills_required": [["spellcraft", 5]],
    "byproducts": [ [ "acid_bloodshot", 4 ] ],
    "time": "1 m",
    "autolearn": true,
    "qualities": [ { "id": "TRANSMUTATION", "level": 1 } ],
    "components": [ [ [ "viridite", 1 ] ],[ [ "raw_bloodgem", 1 ] ] ]
  },
  {
    "type": "recipe",
    "result": "chronocrystal",
	"id_suffix": "1",
    "category": "CC_TWOHAND_PATH",
    "subcategory": "CSC_TWOHAND_PATH_CRYSTALS",
    "skill_used": "spellcraft",
	"skills_required": [["spellcraft", 5]],
    "time": "1 m",
    "autolearn": true,
    "qualities": [ { "id": "TRANSMUTATION", "level": 1 } ],
    "components": [ [ [ "spiral_stone", 1 ] ],[ [ "raw_bloodgem", 5 ] ] ]
  },
  {
    "type": "recipe",
    "result": "viridite",
	"id_suffix": "1",
    "category": "CC_TWOHAND_PATH",
    "subcategory": "CSC_TWOHAND_PATH_CRYSTALS",
    "skill_used": "spellcraft",
	"skills_required": [["spellcraft", 6]],
    "time": "1 m",
    "autolearn": true,
    "qualities": [ { "id": "TRANSMUTATION", "level": 1 } ],
    "components": [ [ [ "crimsonite", 2 ], [ "ceruleum", 2 ], [ "argentium", 2 ] ],[ [ "raw_bloodgem", 4 ] ] ]
  },
  {
    "type": "recipe",
    "result": "crimsonite",
	"id_suffix": "1",
    "category": "CC_TWOHAND_PATH",
    "subcategory": "CSC_TWOHAND_PATH_CRYSTALS",
    "skill_used": "spellcraft",
	"skills_required": [["spellcraft", 6]],
    "time": "1 m",
    "autolearn": true,
    "qualities": [ { "id": "TRANSMUTATION", "level": 1 } ],
    "components": [ [ [ "viridite", 2 ], [ "ceruleum", 2 ], [ "argentium", 2 ] ],[ [ "raw_bloodgem", 4 ] ] ]
  },
  {
    "type": "recipe",
    "result": "argentium",
	"id_suffix": "1",
    "category": "CC_TWOHAND_PATH",
    "subcategory": "CSC_TWOHAND_PATH_CRYSTALS",
    "skill_used": "spellcraft",
	"skills_required": [["spellcraft", 6]],
    "time": "1 m",
    "autolearn": true,
    "qualities": [ { "id": "TRANSMUTATION", "level": 1 } ],
    "components": [ [ [ "crimsonite", 2 ], [ "ceruleum", 2 ], [ "viridite", 2 ] ],[ [ "raw_bloodgem", 4 ] ] ]
  },
  {
    "type": "recipe",
    "result": "ceruleum",
	"id_suffix": "1",
    "category": "CC_TWOHAND_PATH",
    "subcategory": "CSC_TWOHAND_PATH_CRYSTALS",
    "skill_used": "spellcraft",
	"skills_required": [["spellcraft", 6]],
    "time": "1 m",
    "autolearn": true,
    "qualities": [ { "id": "TRANSMUTATION", "level": 1 } ],
    "components": [ [ [ "crimsonite", 2 ], [ "viridite", 2 ], [ "argentium", 2 ] ],[ [ "raw_bloodgem", 4 ] ] ]
  },
  {
    "type": "recipe",
    "result": "viridite",
    "category": "CC_TWOHAND_PATH",
    "subcategory": "CSC_TWOHAND_PATH_CRYSTALS",
    "skill_used": "spellcraft",
	"skills_required": [["spellcraft", 3]],
    "time": "1 m",
    "autolearn": true,
    "qualities": [ { "id": "TRANSMUTATION", "level": 1 } ],
    "components": [ [ [ "slug_tallow", 1 ] ], [ [ "worm_grease", 1 ] ],[ [ "raw_bloodgem", 1 ] ], [ [ "spirit_salt", 1 ] ]  ]
  },
  {
    "type": "recipe",
    "result": "crimsonite",
    "category": "CC_TWOHAND_PATH",
    "subcategory": "CSC_TWOHAND_PATH_CRYSTALS",
    "skill_used": "spellcraft",
	"skills_required": [["spellcraft", 3]],
    "time": "1 m",
    "autolearn": true,
    "qualities": [ { "id": "TRANSMUTATION", "level": 1 } ],
    "components": [ [ [ "soul_ash", 1 ] ], [ [ "ominous_doll", 1 ] ],[ [ "raw_bloodgem", 1 ] ], [ [ "spirit_salt", 1 ] ]  ]
  },
  {
    "type": "recipe",
    "result": "argentium",
    "category": "CC_TWOHAND_PATH",
    "subcategory": "CSC_TWOHAND_PATH_CRYSTALS",
    "skill_used": "spellcraft",
	"skills_required": [["spellcraft", 3]],
    "time": "1 m",
    "autolearn": true,
    "qualities": [ { "id": "TRANSMUTATION", "level": 1 } ],
    "components": [ [ [ "toad_wart", 1 ] ], [ [ "pale_scale", 1 ] ],[ [ "raw_bloodgem", 1 ] ], [ [ "spirit_salt", 1 ] ]  ]
  },
  {
    "type": "recipe",
    "result": "ceruleum",
    "category": "CC_TWOHAND_PATH",
    "subcategory": "CSC_TWOHAND_PATH_CRYSTALS",
    "skill_used": "spellcraft",
	"skills_required": [["spellcraft", 3]],
    "time": "1 m",
    "autolearn": true,
    "qualities": [ { "id": "TRANSMUTATION", "level": 1 } ],
    "components": [ [ [ "nevermeltice", 1 ] ], [ [ "rune_silt", 1 ] ],[ [ "raw_bloodgem", 1 ] ], [ [ "spirit_salt", 1 ] ]  ]
  },
  {
    "type": "recipe",
    "result": "raw_bloodgem",
    "category": "CC_TWOHAND_PATH",
    "subcategory": "CSC_ALL",
    "skill_used": "spellcraft",
	"skills_required": [["spellcraft", 1]],
    "time": "30 m",
    "autolearn": true,
    "qualities": [ { "id": "SOULCRAFT", "level": 1 } ],
    "components": [ [ [ "ritual_blood", 7 ] ] ]
  }
]
